No,Nama,JK,Tgl Lahir,Usia Saat Ukur,Tanggal Pengukuran,Berat,Tinggi,Diagnosa
1,A ADIB HAIKAL ,0,1/9/2020,3 Tahun - 7 Bulan - 6 Hari,8/16/2023,14.9,98,TIDAK
2,A ALVIAN GHIFARI ,0,8/15/2019,4 Tahun - 0 Bulan - 1 Hari,8/16/2023,15.8,104,TIDAK
3,A Arfan Maulana ,0,11/13/2020,2 Tahun - 9 Bulan - 1 Hari,8/16/2023,12.7,86,IYA
4,a ariel ,0,7/11/2023,0 Tahun - 1 Bulan - 5 Hari,8/16/2023,4,53,TIDAK
5,A BAYU NASRULLAH ,0,5/16/2019,4 Tahun - 3 Bulan - 0 Hari,8/16/2023,16.9,106,TIDAK
6,A BURHANUDIN ,0,4/25/2021,2 Tahun - 3 Bulan - 21 Hari,8/16/2023,13.6,92,TIDAK
7,A DAFA  ,0,4/30/2019,4 Tahun - 3 Bulan - 16 Hari,8/16/2023,16.5,107,TIDAK
8,A FATHUR ROHMAN ,0,6/30/2021,2 Tahun - 1 Bulan - 16 Hari,8/16/2023,13.1,86,TIDAK
9,A REIKA F ,0,7/28/2019,4 Tahun - 0 Bulan - 19 Hari,8/16/2023,16,105,TIDAK
10,A REIKA F ,0,7/28/2019,4 Tahun - 0 Bulan - 19 Hari,8/16/2023,17.2,106,TIDAK
11,A SAIFULLAH ,0,6/20/2019,4 Tahun - 1 Bulan - 26 Hari,8/16/2023,15.7,104,TIDAK
12,a syaqil ,0,4/21/2021,2 Tahun - 3 Bulan - 25 Hari,8/16/2023,13.9,93,TIDAK
13,A YASIN MAULANA ,0,5/29/2019,4 Tahun - 2 Bulan - 13 Hari,8/11/2023,14.2,101,TIDAK
14,A YOGIK ,0,8/5/2019,4 Tahun - 0 Bulan - 6 Hari,8/11/2023,13.4,96,TIDAK
15,A ZAKI ,0,1/15/2020,3 Tahun - 7 Bulan - 0 Hari,8/16/2023,15.2,101,TIDAK
16,A. ADAM ALDIANO DAVI ,0,9/10/2019,3 Tahun - 11 Bulan - 1 Hari,8/12/2023,16.5,104,TIDAK
17,A. FAHRIAL ,0,10/30/2022,0 Tahun - 9 Bulan - 16 Hari,8/16/2023,9,70,TIDAK
18,A. FAREL SANJAYA  ,0,1/6/2023,0 Tahun - 7 Bulan - 8 Hari,8/16/2023,6.6,67,TIDAK
19,A. MALIK AKRHAM MAULANA  ,0,4/2/2023,0 Tahun - 4 Bulan - 14 Hari,8/16/2023,6.7,66,TIDAK
20,A. QADAFI ,0,1/16/2019,4 Tahun - 7 Bulan - 2 Hari,8/20/2023,17.8,107,TIDAK
21,A. zayyan shidgur r ,1,7/2/2020,3 Tahun - 1 Bulan - 1 Hari,8/4/2023,14.7,97,TIDAK
22,A.ALZAM AMANI ,1,9/13/2021,1 Tahun - 11 Bulan - 1 Hari,8/16/2023,12,89,TIDAK
23,AAL ,0,2/2/2019,4 Tahun - 6 Bulan - 16 Hari,8/20/2023,15.7,105,TIDAK
24,AB MUSTOFA ,0,6/19/2019,4 Tahun - 2 Bulan - 1 Hari,8/20/2023,16.6,103,TIDAK
25,ABASSY ,0,8/21/2020,2 Tahun - 11 Bulan - 12 Hari,8/4/2023,13,93,TIDAK
26,ABAYA AQIFAH GAFA ,1,5/21/2023,0 Tahun - 2 Bulan - 26 Hari,8/16/2023,5.5,59,TIDAK
27,abd rofi ,0,5/30/2021,2 Tahun - 2 Bulan - 16 Hari,8/16/2023,11.5,90,TIDAK
28,ABDI TOIFUN AL ASYARI ,0,1/27/2022,1 Tahun - 6 Bulan - 9 Hari,8/7/2023,9.5,77.5,TIDAK
29,ABDILLAH ABQORI A ,0,2/5/2021,2 Tahun - 6 Bulan - 8 Hari,8/16/2023,13,94,TIDAK
30,ABDUL ALFIANSYAH ,0,6/19/2022,1 Tahun - 1 Bulan - 14 Hari,8/3/2023,10.5,77,TIDAK
31,ABDUL FAQIH ,0,6/22/2019,4 Tahun - 1 Bulan - 24 Hari,8/16/2023,16,105,TIDAK
32,ABDUL FARHAN ,0,2/28/2021,2 Tahun - 5 Bulan - 7 Hari,8/7/2023,11.3,87,TIDAK
33,ABDUL RAHMAN ,0,8/12/2020,3 Tahun - 0 Bulan - 3 Hari,8/16/2023,14.7,99,TIDAK
34,ABDULLAH ,0,2/2/2019,4 Tahun - 6 Bulan - 18 Hari,8/22/2023,16.9,110,TIDAK
35,ABDUR ROFIQ ,0,8/12/2022,0 Tahun - 11 Bulan - 25 Hari,8/7/2023,11.3,74,TIDAK
36,ABIB ,0,3/19/2021,2 Tahun - 4 Bulan - 27 Hari,8/16/2023,13.9,88,TIDAK
37,ABIDAH ZALFA DZAKIYYAH ,1,9/3/2021,1 Tahun - 10 Bulan - 30 Hari,8/4/2023,11,91,TIDAK
38,ABIDAT KANZA AYNA ,1,2/5/2023,0 Tahun - 6 Bulan - 9 Hari,8/16/2023,6.7,63,TIDAK
39,ABIDZAR ,0,10/4/2021,1 Tahun - 9 Bulan - 29 Hari,8/4/2023,11.9,92,TIDAK
40,ABIL SIDQI RISQULLAH ,0,2/11/2022,1 Tahun - 6 Bulan - 3 Hari,8/16/2023,13.3,82,TIDAK
41,ABIL ,0,10/15/2022,0 Tahun - 10 Bulan - 6 Hari,8/22/2023,8,69,TIDAK
42,Abil ,0,8/9/2018,5 Tahun - 0 Bulan - 6 Hari,8/16/2023,16.2,111,TIDAK
43,ABIZAR ,0,9/23/2021,1 Tahun - 10 Bulan - 22 Hari,8/16/2023,12.2,91,TIDAK
44,ABRAHAM F. FALLO ,0,2/12/2020,2 Tahun - 0 Bulan - 2 Hari,2/14/2022,9.5,77.2,IYA
45,ABRISAM BRYAN A ,0,11/10/2022,0 Tahun - 9 Bulan - 5 Hari,8/16/2023,8.5,69,TIDAK
46,ABUNI NAZA ,0,5/24/2021,2 Tahun - 2 Bulan - 26 Hari,8/20/2023,13,95,TIDAK
47,Aby Dwi Cahyono ,0,11/28/2019,3 Tahun - 8 Bulan - 17 Hari,8/16/2023,15.1,103,TIDAK
48,ABYAN ATTAQI ,0,10/12/2021,1 Tahun - 9 Bulan - 24 Hari,8/7/2023,10.2,83,TIDAK
49,ABYAN ,0,3/3/2023,0 Tahun - 5 Bulan - 13 Hari,8/16/2023,6.8,63,TIDAK
50,ABYAN ,0,7/14/2021,2 Tahun - 1 Bulan - 2 Hari,8/16/2023,13.4,85,TIDAK
51,ABYAN ,0,8/31/2020,2 Tahun - 11 Bulan - 2 Hari,8/4/2023,14,95,TIDAK
52,ABYAN ,1,9/27/2020,2 Tahun - 10 Bulan - 14 Hari,8/12/2023,11.5,93,TIDAK
53,AC FADIL ,0,9/6/2019,3 Tahun - 11 Bulan - 13 Hari,8/20/2023,16.8,107,TIDAK
54,ACEH AFZAL ADITIYA ,0,1/11/2022,1 Tahun - 7 Bulan - 3 Hari,8/16/2023,12,87,TIDAK
55,ACH SA ,0,11/18/2018,4 Tahun - 9 Bulan - 1 Hari,8/20/2023,16,107,TIDAK
56,ACHMAD PUTRA DAFARIYYA ,0,4/1/2022,1 Tahun - 4 Bulan - 15 Hari,8/16/2023,11.3,82,TIDAK
57,ADAM ARBIANSYA ,0,4/24/2020,3 Tahun - 3 Bulan - 9 Hari,8/4/2023,14.3,94,TIDAK
58,ADAM FAIQ ,0,3/13/2020,3 Tahun - 5 Bulan - 3 Hari,8/16/2023,13.9,98,TIDAK
59,ADAM NABIL ,0,2/5/2019,4 Tahun - 6 Bulan - 9 Hari,8/16/2023,16.6,111,TIDAK
60,ADELA KAMELIA ,1,12/31/2019,3 Tahun - 7 Bulan - 13 Hari,8/14/2023,16,101.8,TIDAK
61,ADELIA ARIFIN ,1,2/13/2020,3 Tahun - 5 Bulan - 28 Hari,8/12/2023,14.6,102,TIDAK
62,ADELIA KEYLA N ALMAIKA ,0,4/1/2022,1 Tahun - 4 Bulan - 5 Hari,8/6/2023,10.5,77,TIDAK
63,ADELIA PUTRI ,1,2/9/2023,0 Tahun - 5 Bulan - 26 Hari,8/7/2023,9.3,70,TIDAK
64,Adelia Putri ,1,9/7/2018,4 Tahun - 11 Bulan - 8 Hari,8/16/2023,15.1,111,TIDAK
65,ADEN ,0,8/28/2022,0 Tahun - 11 Bulan - 18 Hari,8/16/2023,8.1,75,TIDAK
66,ADEVA VIONA ,1,2/24/2021,2 Tahun - 5 Bulan - 18 Hari,8/14/2023,11.3,87,TIDAK
67,ADIBA AFRA ,1,11/29/2019,3 Tahun - 8 Bulan - 16 Hari,8/16/2023,14.6,99,TIDAK
68,ADIBA ZAHRA ,1,2/8/2023,0 Tahun - 6 Bulan - 6 Hari,8/16/2023,6.7,62,TIDAK
69,ADIBAH ,1,9/8/2020,2 Tahun - 11 Bulan - 6 Hari,8/16/2023,13.2,96,TIDAK
70,ADIFA ,1,10/5/2022,0 Tahun - 10 Bulan - 10 Hari,8/16/2023,8.2,70,TIDAK
71,adila azka ,1,8/1/2021,2 Tahun - 0 Bulan - 14 Hari,8/16/2023,11.3,92,TIDAK
72,ADILA NISA A ,1,10/3/2018,4 Tahun - 10 Bulan - 12 Hari,8/16/2023,16.1,111,TIDAK
73,ADINDA MAULIDIYA ,1,11/2/2019,3 Tahun - 9 Bulan - 3 Hari,8/6/2023,16,103,TIDAK
74,ADINDA ,1,9/4/2019,3 Tahun - 11 Bulan - 1 Hari,8/6/2023,17.2,108,TIDAK
75,ADIT ,0,7/2/2022,1 Tahun - 1 Bulan - 14 Hari,8/16/2023,9,83,TIDAK
76,ADITIA RIFKI ,0,1/29/2019,4 Tahun - 6 Bulan - 12 Hari,8/12/2023,14.7,103,TIDAK
77,ADITYA REVIN A ,0,3/23/2021,2 Tahun - 4 Bulan - 23 Hari,8/16/2023,13.5,88,TIDAK
78,ADITYA RIFKI ,0,5/27/2019,4 Tahun - 2 Bulan - 8 Hari,8/4/2023,16.5,108,TIDAK
79,ADITYA YUDANA ,0,10/31/2018,4 Tahun - 9 Bulan - 15 Hari,8/16/2023,16.9,111,TIDAK
80,ADRIELA N. OMENU ,1,11/2/2017,4 Tahun - 3 Bulan - 16 Hari,2/18/2022,13.1,91.8,IYA
81,ADVENTIA O. SERAN ,1,12/13/2018,3 Tahun - 1 Bulan - 27 Hari,2/9/2022,11.4,83.6,IYA
82,ADY ,0,6/23/2020,3 Tahun - 1 Bulan - 26 Hari,8/20/2023,13.4,97,TIDAK
83,ADZKIA ADREENA IFRA  ,1,7/26/2020,3 Tahun - 0 Bulan - 18 Hari,8/14/2023,15,91.3,TIDAK
84,ADZKIA ALTHAF F ,1,1/26/2022,1 Tahun - 6 Bulan - 19 Hari,8/16/2023,11.2,78,TIDAK
85,ADZKIYA NAILA TALEETHA ,1,10/29/2022,0 Tahun - 9 Bulan - 5 Hari,8/4/2023,8.6,70,TIDAK
86,AFAN KAFI JAYLANI ,0,4/5/2022,1 Tahun - 4 Bulan - 11 Hari,8/16/2023,10.4,76,TIDAK
87,AFDAL SAIFUL HAK ,0,6/4/2020,3 Tahun - 2 Bulan - 11 Hari,8/16/2023,15,103,TIDAK
88,AFFRILDEA.N ,1,4/27/2020,3 Tahun - 3 Bulan - 12 Hari,8/10/2023,10.9,92,TIDAK
89,afifah  ,1,8/7/2022,1 Tahun - 0 Bulan - 8 Hari,8/16/2023,8.8,70,TIDAK
90,Afifah Alia ,1,1/11/2019,4 Tahun - 6 Bulan - 29 Hari,8/11/2023,15.5,103,TIDAK
91,AFIFAH HASNA ABDILLAH ,1,3/10/2023,0 Tahun - 4 Bulan - 24 Hari,8/3/2023,7,64,TIDAK
92,AFIFAH HILYA ,1,8/14/2021,1 Tahun - 11 Bulan - 19 Hari,8/4/2023,10.6,92,TIDAK
93,AFIFAH NAHDA ,1,1/11/2019,4 Tahun - 6 Bulan - 24 Hari,8/6/2023,16.2,107,TIDAK
94,AFIFAH SALMA N ,1,10/4/2020,2 Tahun - 9 Bulan - 29 Hari,8/4/2023,13.6,94,TIDAK
95,AFIFAH ,1,4/7/2020,3 Tahun - 4 Bulan - 8 Hari,8/16/2023,13.1,99,TIDAK
96,AFIFAH ,1,6/22/2019,4 Tahun - 1 Bulan - 24 Hari,8/16/2023,16,107,TIDAK
97,AFINI PUTRI R ,1,9/20/2021,1 Tahun - 10 Bulan - 25 Hari,8/16/2023,11.1,85,TIDAK
98,AFIZA DURAH ,1,11/19/2019,3 Tahun - 8 Bulan - 14 Hari,8/4/2023,16.4,104,TIDAK
99,AFIZA KHARINAH ,1,8/24/2020,2 Tahun - 11 Bulan - 21 Hari,8/16/2023,14.3,98,TIDAK
100,AFKAH NUR DIANSYAH ,0,2/26/2019,4 Tahun - 5 Bulan - 18 Hari,8/16/2023,14.9,106,TIDAK
101,AFKAR NUR DIAN SYAHRONI ,0,4/27/2021,2 Tahun - 3 Bulan - 19 Hari,8/16/2023,11.7,85,TIDAK
102,AFKAR NURDIANSYAH ,1,7/16/2019,4 Tahun - 0 Bulan - 26 Hari,8/11/2023,15.9,100,TIDAK
103,AFKARINA DIYANATUL  ,1,10/19/2018,4 Tahun - 9 Bulan - 25 Hari,8/14/2023,13.3,100.4,TIDAK
104,AFRIQ ALAINA ,1,11/14/2018,4 Tahun - 9 Bulan - 1 Hari,8/16/2023,17,108.5,TIDAK
105,AFWA NUR MARIFA ,1,7/6/2022,1 Tahun - 1 Bulan - 10 Hari,8/16/2023,9.3,75,TIDAK
106,Agistia Nur ,1,3/25/2023,0 Tahun - 4 Bulan - 17 Hari,8/11/2023,5.9,62,TIDAK
107,AGNESIA SAIJAO ,1,8/27/2018,3 Tahun - 5 Bulan - 15 Hari,2/10/2022,9.9,83.9,IYA
108,AGUS ,0,8/17/2020,2 Tahun - 11 Bulan - 24 Hari,8/12/2023,13.5,94,TIDAK
109,AGUSTIN PUTRI KIRANA ,1,8/4/2020,3 Tahun - 0 Bulan - 11 Hari,8/16/2023,9.6,93,TIDAK
110,AGUSTINO OMENU ,0,8/7/2019,2 Tahun - 6 Bulan - 4 Hari,2/10/2022,10.1,84.3,IYA
111,Ah. Rafaeyza Elfatan ,0,8/1/2023,0 Tahun - 0 Bulan - 0 Hari,8/1/2023,3.2,50,TIDAK
112,AHKAM DHIBA ,0,9/15/2022,0 Tahun - 11 Bulan - 0 Hari,8/16/2023,10.6,76,TIDAK
113,AHKMAD KHOIRUL ANWAR ,0,8/28/2019,3 Tahun - 11 Bulan - 13 Hari,8/11/2023,12.2,98,TIDAK
114,AHMAD ABQORI ,0,4/25/2021,2 Tahun - 3 Bulan - 25 Hari,8/20/2023,13.7,94,TIDAK
115,AHMAD ADNAN DWI A ,0,12/7/2020,2 Tahun - 8 Bulan - 3 Hari,8/11/2023,9.9,87,TIDAK
116,ahmad agiv kafallah ,0,3/14/2020,3 Tahun - 4 Bulan - 19 Hari,8/3/2023,14.7,104,TIDAK
117,AHMAD AKBAR  ,0,9/30/2020,2 Tahun - 10 Bulan - 10 Hari,8/11/2023,10.4,88,TIDAK
118,AHMAD ALBAY DOWI ,0,7/3/2021,2 Tahun - 1 Bulan - 13 Hari,8/16/2023,12.7,88,TIDAK
119,Ahmad Andriansyah ,0,1/31/2019,4 Tahun - 6 Bulan - 14 Hari,8/16/2023,13.7,97,IYA
120,AHMAD ANSORI ARIFIN ,0,5/21/2023,0 Tahun - 2 Bulan - 20 Hari,8/10/2023,5.5,58,TIDAK
121,AHMAD ARDI ,0,5/13/2022,1 Tahun - 2 Bulan - 21 Hari,8/4/2023,10.4,76,TIDAK
122,AHMAD ARFAN ATHAR ,0,6/12/2019,4 Tahun - 2 Bulan - 2 Hari,8/14/2023,15.6,98,TIDAK
123,AHMAD ARFAN NAUFAL ,0,4/30/2023,0 Tahun - 3 Bulan - 3 Hari,8/3/2023,6,60,TIDAK
124,ahmad danis h ,1,8/15/2020,2 Tahun - 11 Bulan - 20 Hari,8/6/2023,14.5,99,TIDAK
125,AHMAD DAVIN ABRIZAM ,0,3/16/2023,0 Tahun - 4 Bulan - 22 Hari,8/7/2023,8.6,66,TIDAK
126,AHMAD DEVAN ,0,8/24/2023,0 Tahun - 0 Bulan - 0 Hari,8/24/2023,3.4,50,TIDAK
127,AHMAD DEVAN ,0,3/21/2019,4 Tahun - 4 Bulan - 26 Hari,8/16/2023,17,107,TIDAK
128,AHMAD FAHMI ADAM SYAH ,0,5/28/2022,1 Tahun - 2 Bulan - 18 Hari,8/16/2023,9.1,75,TIDAK
129,ahmad faisol ,0,3/27/2020,3 Tahun - 4 Bulan - 6 Hari,8/3/2023,15,100,TIDAK
130,AHMAD FAJAR ,0,9/23/2019,3 Tahun - 10 Bulan - 12 Hari,8/6/2023,16.9,107,TIDAK
131,AHMAD FAREL ,0,9/16/2022,0 Tahun - 10 Bulan - 29 Hari,8/16/2023,8.1,73,TIDAK
132,AHMAD FAREL ,0,9/9/2019,3 Tahun - 11 Bulan - 6 Hari,8/16/2023,16.9,105,TIDAK
133,AHMAD FATIH AL B ,0,12/16/2021,1 Tahun - 7 Bulan - 29 Hari,8/16/2023,11.6,83,TIDAK
134,AHMAD FAUZI ,0,11/24/2020,2 Tahun - 8 Bulan - 21 Hari,8/16/2023,13.8,91,TIDAK
135,AHMAD FIRDAUS ,0,3/22/2019,4 Tahun - 4 Bulan - 21 Hari,8/12/2023,17.4,104,TIDAK
136,AHMAD FIRDHAN OKTA  ,0,10/16/2020,2 Tahun - 9 Bulan - 25 Hari,8/12/2023,12.8,94,TIDAK
137,AHMAD FITRONI ,0,8/14/2020,3 Tahun - 0 Bulan - 5 Hari,8/20/2023,14.6,98,TIDAK
138,AHMAD GHIFARI SYAFI MUZAKKI ,0,1/24/2023,0 Tahun - 6 Bulan - 12 Hari,8/7/2023,8.3,68,TIDAK
139,Ahmad Hisyam ,0,5/20/2020,3 Tahun - 2 Bulan - 22 Hari,8/12/2023,14.5,96,TIDAK
140,AHMAD IRWANSYAH TRESNO PUTRA ,0,10/16/2021,1 Tahun - 9 Bulan - 20 Hari,8/7/2023,10.3,80,TIDAK
141,Ahmad izzamil ,0,5/27/2019,4 Tahun - 2 Bulan - 20 Hari,8/16/2023,15.4,109,TIDAK
142,AHMAD MIRZA HAKIM ,0,12/10/2020,2 Tahun - 8 Bulan - 3 Hari,8/14/2023,13.1,87,TIDAK
143,AHMAD MUSTOFA BAIS ,0,11/18/2022,0 Tahun - 8 Bulan - 27 Hari,8/16/2023,8.3,68,TIDAK
144,AHMAD NAUFAL ,0,10/23/2019,3 Tahun - 9 Bulan - 23 Hari,8/16/2023,13.8,101,TIDAK
145,AHMAD NAZAL RAIHANUL ,0,4/1/2021,2 Tahun - 4 Bulan - 2 Hari,8/4/2023,12.7,89,TIDAK
146,AHMAD NURULQUDSI ARROBBANIY ,0,7/6/2023,0 Tahun - 1 Bulan - 6 Hari,8/12/2023,4.3,55,TIDAK
147,AHMAD REGA ,0,4/9/2022,1 Tahun - 4 Bulan - 7 Hari,8/16/2023,9,81,TIDAK
148,Ahmad robil  ,0,6/13/2019,4 Tahun - 2 Bulan - 3 Hari,8/16/2023,15.5,106,TIDAK
149,AHMAD ROSYID ,0,4/23/2019,4 Tahun - 3 Bulan - 18 Hari,8/11/2023,10.9,98,TIDAK
150,AHMAD SAIFUL RIZAL ,0,8/8/2022,0 Tahun - 11 Bulan - 25 Hari,8/3/2023,10,75,TIDAK
151,AHMAD SANDI. F. ,0,5/30/2022,1 Tahun - 2 Bulan - 16 Hari,8/16/2023,8.7,72,IYA
152,AHMAD SHOLEHUDIN ,0,6/25/2019,4 Tahun - 1 Bulan - 19 Hari,8/14/2023,15.5,98,TIDAK
153,AHMAD SULTAN IRAWAN ,0,6/6/2023,0 Tahun - 2 Bulan - 0 Hari,8/6/2023,5,56,TIDAK
154,AHMAD SYAIFULLAH ,0,7/20/2019,4 Tahun - 0 Bulan - 22 Hari,8/11/2023,15.2,101,TIDAK
155,Ahmad zaenuri ,0,9/29/2018,4 Tahun - 10 Bulan - 6 Hari,8/6/2023,16,106,TIDAK
156,AHMAD ZAINUL RIDO ,0,2/16/2019,4 Tahun - 5 Bulan - 23 Hari,8/11/2023,12,98,TIDAK
157,AHMAD ZULFIKRUN M ,0,5/17/2021,2 Tahun - 2 Bulan - 17 Hari,8/4/2023,12,87,TIDAK
158,AHMAD ,0,1/18/2019,4 Tahun - 6 Bulan - 27 Hari,8/16/2023,15.7,103,TIDAK
159,AIDA NUR FITRIA ,1,1/3/2019,4 Tahun - 7 Bulan - 11 Hari,8/16/2023,15.4,120,TIDAK
160,AIDAH NAHAROS SYITA ,1,3/9/2020,3 Tahun - 4 Bulan - 25 Hari,8/4/2023,13,94,TIDAK
161,AIDAN AZKA DIKARA ,0,7/26/2022,1 Tahun - 0 Bulan - 20 Hari,8/16/2023,9.8,74,TIDAK
162,AIDATUL HOIRIAH ,1,11/29/2019,3 Tahun - 8 Bulan - 10 Hari,8/10/2023,11.2,94.5,TIDAK
163,AILA NABILA Z ,1,10/30/2018,4 Tahun - 9 Bulan - 12 Hari,8/12/2023,16,104,TIDAK
164,AIMATUL ALVIA ,1,7/25/2020,3 Tahun - 0 Bulan - 16 Hari,8/11/2023,14,91.5,TIDAK
165,AINUN N ,0,7/28/2019,4 Tahun - 0 Bulan - 9 Hari,8/6/2023,15.8,109,TIDAK
166,AINUR ROHMA ,1,9/6/2021,1 Tahun - 11 Bulan - 8 Hari,8/16/2023,11.3,85,TIDAK
167,AIRA NABILA AZZAHRA ,1,3/26/2022,1 Tahun - 4 Bulan - 21 Hari,8/16/2023,10.7,78,TIDAK
168,AIRA NAILU M.K ,1,2/2/2019,4 Tahun - 6 Bulan - 7 Hari,8/11/2023,15.5,102.8,TIDAK
169,AIRA ,1,6/4/2022,1 Tahun - 2 Bulan - 11 Hari,8/16/2023,9.3,75,TIDAK
170,AIRA ,1,3/20/2021,2 Tahun - 4 Bulan - 14 Hari,8/4/2023,11.9,88,TIDAK
171,AISA AQILA ,1,4/1/2023,0 Tahun - 4 Bulan - 15 Hari,8/16/2023,6,60,TIDAK
172,AISHA ALIFA ,1,3/16/2019,4 Tahun - 4 Bulan - 25 Hari,8/10/2023,13,104,TIDAK
173,aiswah ,1,3/18/2023,0 Tahun - 4 Bulan - 29 Hari,8/16/2023,5.3,60,TIDAK
174,AISY NURI F K ,1,8/31/2018,4 Tahun - 11 Bulan - 6 Hari,8/7/2023,14,101,TIDAK
175,AISYA ,1,8/2/2019,4 Tahun - 0 Bulan - 14 Hari,8/16/2023,14,100,TIDAK
176,AISYAH AYUDIA K ,1,6/17/2023,0 Tahun - 1 Bulan - 23 Hari,8/10/2023,5.4,58,TIDAK
177,AISYAH AZZAHRA ,1,12/12/2019,3 Tahun - 7 Bulan - 30 Hari,8/12/2023,15.5,103,TIDAK
178,AISYAH HUMAIRA ATZZAHRA ,0,6/19/2020,3 Tahun - 1 Bulan - 21 Hari,8/11/2023,11.8,90,TIDAK
179,AISYAH HUMAIROH ,1,12/31/2019,3 Tahun - 7 Bulan - 15 Hari,8/16/2023,14.8,101,TIDAK
180,AISYAH HUMAIROH ,1,12/31/2019,3 Tahun - 7 Bulan - 15 Hari,8/16/2023,14.9,109,TIDAK
181,AISYAH HUSANUL HOTIMA ,1,10/15/2020,2 Tahun - 9 Bulan - 21 Hari,8/7/2023,13,87.5,TIDAK
182,AISYAH NABILA PUTRI  ,1,4/9/2020,3 Tahun - 4 Bulan - 1 Hari,8/11/2023,12,93,TIDAK
183,AISYAH NUR CAHAYA ,1,2/19/2022,1 Tahun - 5 Bulan - 25 Hari,8/16/2023,10.5,79,TIDAK
184,AISYAH RISKIYAH ,1,4/24/2021,2 Tahun - 3 Bulan - 20 Hari,8/14/2023,12.2,82.6,TIDAK
185,AISYAH SHAKAILAH ,1,11/2/2019,3 Tahun - 9 Bulan - 0 Hari,8/3/2023,15,105,TIDAK
186,AISYAH SYIFA ,1,7/15/2019,4 Tahun - 1 Bulan - 1 Hari,8/16/2023,16.7,105,TIDAK
187,AISYAH ,1,1/21/2022,1 Tahun - 6 Bulan - 24 Hari,8/16/2023,11.3,80,TIDAK
188,AISYAH ,1,5/17/2020,3 Tahun - 2 Bulan - 29 Hari,8/16/2023,14.5,106,TIDAK
189,AJENG CHIKA NINGTIYAS ,1,1/26/2021,2 Tahun - 6 Bulan - 18 Hari,8/16/2023,14.2,98,TIDAK
190,AKBAR ,0,8/20/2021,1 Tahun - 11 Bulan - 25 Hari,8/16/2023,12.3,89,TIDAK
191,AKBAR ,0,5/6/2021,2 Tahun - 3 Bulan - 16 Hari,8/22/2023,10.7,92,TIDAK
192,akbar ,0,1/1/2021,2 Tahun - 7 Bulan - 13 Hari,8/16/2023,13.7,95,TIDAK
193,AKRAM DILAN ALFARIZKI ,0,8/16/2022,0 Tahun - 11 Bulan - 17 Hari,8/3/2023,9,72,TIDAK
194,AL GHOZALI ,0,12/13/2018,4 Tahun - 8 Bulan - 2 Hari,8/16/2023,21.2,107,TIDAK
195,AL HAYDAR SALMAN P ,1,9/17/2019,3 Tahun - 10 Bulan - 26 Hari,8/14/2023,18.8,102.5,TIDAK
196,Al waqik ,0,4/3/2019,4 Tahun - 4 Bulan - 13 Hari,8/16/2023,15.7,108,TIDAK
197,alan ,0,5/8/2022,1 Tahun - 3 Bulan - 8 Hari,8/16/2023,10.9,75,TIDAK
198,Alana Khoirul Rizky ,0,3/10/2021,2 Tahun - 5 Bulan - 1 Hari,8/11/2023,12,94.3,TIDAK
199,albi ,0,7/1/2022,1 Tahun - 1 Bulan - 15 Hari,8/16/2023,9.3,75,TIDAK
200,ALBIZAR NABIL ,0,3/7/2020,3 Tahun - 5 Bulan - 13 Hari,8/20/2023,12.3,97,TIDAK
201,ALDI RISKI P ,0,10/3/2022,0 Tahun - 10 Bulan - 16 Hari,8/20/2023,8.7,70,TIDAK
202,aldiansyah ,0,5/15/2022,1 Tahun - 3 Bulan - 1 Hari,8/16/2023,10.3,76,TIDAK
203,ALDIYANSYAH PUTRA  ,0,8/19/2022,0 Tahun - 11 Bulan - 27 Hari,8/16/2023,8.8,72,TIDAK
204,Aleeya ,1,11/15/2019,3 Tahun - 9 Bulan - 0 Hari,8/16/2023,14.2,105,TIDAK
205,ALENA KANIA WIJAYA ,1,3/16/2022,1 Tahun - 4 Bulan - 29 Hari,8/14/2023,9.4,74,TIDAK
206,ALENA QONISAH R ,1,4/17/2021,2 Tahun - 3 Bulan - 29 Hari,8/16/2023,13.3,89,TIDAK
207,Alesha Aufa ,1,8/9/2021,2 Tahun - 0 Bulan - 1 Hari,8/11/2023,9.9,80.5,TIDAK
208,Alesha ,1,6/17/2021,2 Tahun - 1 Bulan - 24 Hari,8/11/2023,10.4,83.7,TIDAK
209,ALESIO G. KNAOFMONE ,0,2/23/2021,0 Tahun - 11 Bulan - 21 Hari,2/14/2022,7.1,70.2,IYA
210,ALEXAN M. NAITILI ,0,7/25/2020,1 Tahun - 6 Bulan - 26 Hari,2/19/2022,9.4,77,IYA
211,ALEXANDER J. USBOKO ,0,6/25/2020,1 Tahun - 7 Bulan - 20 Hari,2/14/2022,8.9,75.7,IYA
212,ALEXANDER R. MASAUBAT ,0,4/27/2018,3 Tahun - 9 Bulan - 12 Hari,2/7/2022,13.2,92.5,IYA
213,ALEXANDER R. TAHONI ,0,3/14/2019,2 Tahun - 11 Bulan - 4 Hari,2/16/2022,9.9,84.5,IYA
214,ALEXANDRA K. NAILAKE ,1,9/16/2019,2 Tahun - 4 Bulan - 29 Hari,2/14/2022,9,79.7,IYA
215,ALEXANDRA S. HALA ,1,9/12/2018,3 Tahun - 5 Bulan - 5 Hari,2/16/2022,9.8,87,IYA
216,ALEXANDRA SAIJAO ,1,6/17/2020,1 Tahun - 7 Bulan - 24 Hari,2/10/2022,8,73.8,IYA
217,alfa sebastianus bala ,0,10/14/2018,3 Tahun - 3 Bulan - 24 Hari,2/7/2022,9.3,85.3,IYA
218,ALFA TAHUN ,0,7/15/2019,2 Tahun - 7 Bulan - 8 Hari,2/21/2022,9.9,83.8,IYA
219,ALFAIZ DIKTA ,0,5/20/2021,2 Tahun - 2 Bulan - 26 Hari,8/16/2023,13.1,90,TIDAK
220,alfan  ,0,6/29/2021,2 Tahun - 1 Bulan - 17 Hari,8/16/2023,11.6,90,TIDAK
221,ALFANDI USBOKO ,0,7/23/2019,2 Tahun - 6 Bulan - 20 Hari,2/11/2022,9.7,79.8,IYA
222,ALFAREL SANDI ARKAN ,0,9/14/2022,0 Tahun - 11 Bulan - 1 Hari,8/16/2023,8.9,76,TIDAK
223,alfarendra ,0,3/30/2023,0 Tahun - 4 Bulan - 17 Hari,8/16/2023,5.6,61,IYA
224,ALFARO GHANINO EFENDI  ,0,2/27/2022,1 Tahun - 5 Bulan - 15 Hari,8/14/2023,8.7,76.5,TIDAK
225,ALFARO LOUIS ,0,10/31/2018,3 Tahun - 3 Bulan - 9 Hari,2/9/2022,10.9,89,IYA
226,ALFARO SENGKOEN ,0,7/15/2020,1 Tahun - 7 Bulan - 0 Hari,2/14/2022,8,74.2,IYA
227,alfero ,0,12/10/2019,3 Tahun - 8 Bulan - 5 Hari,8/16/2023,14.9,101,TIDAK
228,ALFI INAYATI ,1,6/14/2020,3 Tahun - 2 Bulan - 1 Hari,8/16/2023,13.7,92,TIDAK
229,ALFIA EKA PUTRI ,1,7/23/2021,2 Tahun - 0 Bulan - 14 Hari,8/7/2023,9.7,82,TIDAK
230,ALFIANA ,1,6/23/2022,1 Tahun - 1 Bulan - 23 Hari,8/16/2023,7.4,74,TIDAK
231,Alfiani ,1,5/31/2021,2 Tahun - 2 Bulan - 15 Hari,8/16/2023,14.9,89,TIDAK
232,Alfiani ,1,3/21/2020,3 Tahun - 4 Bulan - 25 Hari,8/16/2023,13.7,97,TIDAK
233,ALFIN ,0,11/7/2021,1 Tahun - 9 Bulan - 7 Hari,8/16/2023,13.9,85,TIDAK
234,ALFINO BANU ,0,4/26/2018,3 Tahun - 9 Bulan - 13 Hari,2/7/2022,14,92.7,IYA
235,ALFINO OMENU ,0,1/15/2020,2 Tahun - 0 Bulan - 26 Hari,2/10/2022,10,78.3,IYA
236,ALFIRA ,1,5/21/2019,4 Tahun - 2 Bulan - 30 Hari,8/20/2023,16.7,106,TIDAK
237,ALFIZAH ,1,7/2/2019,4 Tahun - 1 Bulan - 2 Hari,8/4/2023,16.5,104.5,TIDAK
238,ALFONSIUS KLAU ,0,8/2/2020,1 Tahun - 6 Bulan - 13 Hari,2/14/2022,8.5,74.8,IYA
239,ALFRIDUS MAUMABE ,0,4/18/2018,3 Tahun - 10 Bulan - 4 Hari,2/21/2022,13.2,93,IYA
240,ALI RAMADHAN  ,0,4/5/2023,0 Tahun - 4 Bulan - 11 Hari,8/16/2023,7.4,63,TIDAK
241,ALI ZAINIL ABIDIN ,0,3/4/2020,3 Tahun - 5 Bulan - 12 Hari,8/16/2023,15.2,103,TIDAK
242,ALIA LAILATUR ROOHMA ,1,4/1/2021,2 Tahun - 4 Bulan - 10 Hari,8/12/2023,12,86,TIDAK
243,ALIA SYAKILA ,1,5/8/2021,2 Tahun - 3 Bulan - 8 Hari,8/16/2023,13.2,86,TIDAK
244,ALIF ,0,2/9/2019,4 Tahun - 6 Bulan - 5 Hari,8/16/2023,14.1,104,TIDAK
245,ALIFA ZEA AMANDA ,1,5/4/2023,0 Tahun - 2 Bulan - 30 Hari,8/3/2023,5,60,TIDAK
246,ALIFA ZEA RAMADANI ,1,4/28/2023,0 Tahun - 3 Bulan - 18 Hari,8/16/2023,5,59,TIDAK
247,ALIFAH HILYA N ,1,12/3/2021,1 Tahun - 8 Bulan - 12 Hari,8/16/2023,11.9,84,TIDAK
248,ALIFATUR R ,1,12/18/2018,4 Tahun - 7 Bulan - 22 Hari,8/11/2023,13.2,100.5,TIDAK
249,ALIKA NAILA DWI S ,1,6/29/2021,2 Tahun - 1 Bulan - 17 Hari,8/16/2023,12.5,86,TIDAK
250,ALINA ,1,10/20/2022,0 Tahun - 9 Bulan - 26 Hari,8/16/2023,7.7,69,TIDAK
251,alisa bana ,1,10/26/2017,4 Tahun - 3 Bulan - 13 Hari,2/8/2022,12.7,92.4,IYA
252,ALISYA ,1,12/9/2021,1 Tahun - 8 Bulan - 6 Hari,8/16/2023,11.3,82,TIDAK
253,ALIYA NADHIRA ARGANATA ,1,7/29/2021,2 Tahun - 0 Bulan - 17 Hari,8/16/2023,12.9,85,TIDAK
254,aliza a ,1,2/9/2022,1 Tahun - 6 Bulan - 5 Hari,8/16/2023,11.1,77,TIDAK
255,ALJABER ,0,12/21/2020,2 Tahun - 7 Bulan - 24 Hari,8/16/2023,14.2,99,TIDAK
256,ALKIYAH ,0,5/7/2020,3 Tahun - 3 Bulan - 8 Hari,8/16/2023,14,96,TIDAK
257,ALMAHIRA ,1,1/12/2022,1 Tahun - 7 Bulan - 2 Hari,8/16/2023,9.6,87,TIDAK
258,ALMAIRA AZKIA ,1,9/2/2020,2 Tahun - 11 Bulan - 12 Hari,8/16/2023,13.9,101,TIDAK
259,ALMIRA RAISA Z ,1,9/24/2018,4 Tahun - 10 Bulan - 21 Hari,8/16/2023,15.9,110,TIDAK
260,ALSYA SHIDQIA RAMADHANI  ,1,4/10/2023,0 Tahun - 4 Bulan - 6 Hari,8/16/2023,7.2,63,TIDAK
261,ALULA AYURYENDRA ,1,2/10/2022,1 Tahun - 6 Bulan - 4 Hari,8/16/2023,8.7,81,TIDAK
262,ALVANO NAILAKE ,0,4/4/2018,3 Tahun - 10 Bulan - 12 Hari,2/15/2022,11.6,92.3,IYA
263,ALVENDRA IQBAL  ,0,9/3/2020,2 Tahun - 11 Bulan - 6 Hari,8/11/2023,16.2,91.5,TIDAK
264,alviatus s ,1,3/30/2022,1 Tahun - 4 Bulan - 17 Hari,8/16/2023,10.6,77,TIDAK
265,ALVINO NAILAKE ,0,4/4/2018,3 Tahun - 10 Bulan - 12 Hari,2/15/2022,10.7,88.8,IYA
266,ALVINO R. TAONE ,0,2/4/2018,4 Tahun - 0 Bulan - 3 Hari,2/7/2022,11.4,90.7,IYA
267,ALWAN ,0,3/1/2023,0 Tahun - 5 Bulan - 15 Hari,8/16/2023,6.4,63,TIDAK
268,ALYA IZZA KAMILAH ,1,7/10/2022,1 Tahun - 1 Bulan - 6 Hari,8/16/2023,8.7,69,IYA
269,ALYA NIDA ALKARIMA  ,1,6/22/2020,3 Tahun - 1 Bulan - 18 Hari,8/11/2023,11.5,89,TIDAK
270,Alya safika  ,1,5/18/2019,4 Tahun - 2 Bulan - 29 Hari,8/16/2023,14,102,TIDAK
271,Alza ,1,8/1/2019,4 Tahun - 0 Bulan - 15 Hari,8/16/2023,14.6,102,TIDAK
272,ALZALEA KHALIFAH  ,1,7/28/2019,4 Tahun - 0 Bulan - 14 Hari,8/11/2023,10.9,97,TIDAK
273,AMAIRA ,1,2/17/2021,2 Tahun - 5 Bulan - 27 Hari,8/16/2023,10,87,TIDAK
274,AMANDA ,1,9/10/2020,2 Tahun - 11 Bulan - 4 Hari,8/16/2023,14.6,100,TIDAK
275,AMEERA NADRA S ,1,4/24/2023,0 Tahun - 3 Bulan - 22 Hari,8/16/2023,5.8,58,TIDAK
276,AMELIA METBOKI ,1,3/13/2019,2 Tahun - 11 Bulan - 6 Hari,2/17/2022,11.4,83.5,IYA
277,AMINA ,1,8/1/2022,1 Tahun - 0 Bulan - 14 Hari,8/16/2023,9.7,73,TIDAK
278,AMINATUZ ZAHRO ,1,8/12/2021,1 Tahun - 11 Bulan - 27 Hari,8/10/2023,7.7,80,TIDAK
279,Amira ,1,9/26/2020,2 Tahun - 10 Bulan - 14 Hari,8/11/2023,10.4,91.8,TIDAK
280,AMIRA ,1,7/1/2020,3 Tahun - 1 Bulan - 9 Hari,8/11/2023,11.1,93.5,TIDAK
281,AMRULLAH AZZAKY ,0,7/27/2019,4 Tahun - 0 Bulan - 14 Hari,8/10/2023,13.7,101,TIDAK
282,ANA MARIA KUNTAI ,1,10/26/2019,2 Tahun - 3 Bulan - 20 Hari,2/14/2022,10.3,81.1,IYA
283,ANAM ,0,2/10/2021,2 Tahun - 6 Bulan - 3 Hari,8/16/2023,14,91,TIDAK
284,ANANDA NAFI ,0,5/21/2022,1 Tahun - 2 Bulan - 13 Hari,8/4/2023,10,75,TIDAK
285,ANDIKA ,0,7/10/2022,1 Tahun - 1 Bulan - 6 Hari,8/16/2023,10,75,TIDAK
286,Andini  ,1,1/11/2019,4 Tahun - 7 Bulan - 3 Hari,8/16/2023,15.6,106,TIDAK
287,ANDINI KARISMA PUTRI ,1,6/22/2021,2 Tahun - 1 Bulan - 12 Hari,8/4/2023,11,85,TIDAK
288,ANDINI MEYRICA R ,1,5/17/2019,4 Tahun - 2 Bulan - 25 Hari,8/11/2023,14.4,101,TIDAK
289,andini ,1,2/28/2021,2 Tahun - 5 Bulan - 16 Hari,8/16/2023,8.9,93,TIDAK
290,ANDIRA ,1,1/9/2019,4 Tahun - 6 Bulan - 24 Hari,8/4/2023,15.8,103,TIDAK
291,Andra  ,0,10/15/2018,4 Tahun - 10 Bulan - 0 Hari,8/16/2023,12.6,110,TIDAK
292,ANDRA AHOINNAI ,0,1/1/2019,3 Tahun - 1 Bulan - 14 Hari,2/15/2022,10.2,88.7,IYA
293,ANDRA HIDA PRADANA ,0,6/6/2019,4 Tahun - 2 Bulan - 8 Hari,8/14/2023,14.3,96.2,TIDAK
294,ANDRA ,0,2/21/2019,4 Tahun - 5 Bulan - 27 Hari,8/20/2023,8.5,106,TIDAK
295,andre ,0,2/13/2023,0 Tahun - 6 Bulan - 1 Hari,8/16/2023,6.5,64,TIDAK
296,ANDREAS L. NAIMUNI ,0,9/6/2019,2 Tahun - 5 Bulan - 14 Hari,2/19/2022,10.8,80.7,IYA
297,ANDREAS N. NAILAKE ,0,11/30/2017,4 Tahun - 2 Bulan - 19 Hari,2/18/2022,11,94.1,IYA
298,ANFA ,0,3/19/2019,4 Tahun - 4 Bulan - 28 Hari,8/16/2023,15.7,104,TIDAK
299,ANGELINA AULIA P ,1,9/2/2018,4 Tahun - 11 Bulan - 13 Hari,8/16/2023,16.2,109,TIDAK
300,Angelina Tmaisan ,1,5/17/2017,4 Tahun - 9 Bulan - 4 Hari,2/19/2022,13.4,95,IYA
301,ANGGI LEONA NAISOKO ,1,7/20/2018,3 Tahun - 6 Bulan - 24 Hari,2/12/2022,11.7,90,IYA
302,ANGGRIANI T. AHOINAI ,1,4/20/2019,2 Tahun - 10 Bulan - 0 Hari,2/18/2022,9.7,84.1,IYA
303,anggun  ,1,9/29/2021,1 Tahun - 10 Bulan - 16 Hari,8/16/2023,11.9,82,TIDAK
304,ANGGUN ,1,2/6/2021,2 Tahun - 6 Bulan - 7 Hari,8/16/2023,13.8,92,TIDAK
305,ANGGUN ,1,1/19/2021,2 Tahun - 6 Bulan - 13 Hari,8/4/2023,13.6,99,TIDAK
306,ANINDHITA ,1,7/6/2020,3 Tahun - 1 Bulan - 7 Hari,8/14/2023,13.3,89,TIDAK
307,ANINDIRA FARHANA IZZA ,1,9/28/2021,1 Tahun - 10 Bulan - 13 Hari,8/12/2023,11.8,85,TIDAK
308,ANINDITA K  ,1,8/18/2018,4 Tahun - 11 Bulan - 23 Hari,8/11/2023,16.8,103,TIDAK
309,ANINDITA KEISYA S ,1,7/28/2022,1 Tahun - 0 Bulan - 18 Hari,8/16/2023,9.5,70,TIDAK
310,ANINGHITA ,1,12/13/2021,1 Tahun - 8 Bulan - 2 Hari,8/16/2023,11,82,TIDAK
311,ANIS ,1,7/28/2020,3 Tahun - 0 Bulan - 18 Hari,8/16/2023,14.8,92,TIDAK
312,ANISA I.R ,1,7/1/2019,4 Tahun - 1 Bulan - 10 Hari,8/11/2023,13.4,103,TIDAK
313,ANISA NABIRA S ,1,2/5/2023,0 Tahun - 6 Bulan - 9 Hari,8/16/2023,6.6,65,TIDAK
314,ANISATUL B ,1,11/1/2018,4 Tahun - 9 Bulan - 9 Hari,8/11/2023,20.5,109,TIDAK
315,ANITA HAYATUNNUFUS ,1,6/8/2021,2 Tahun - 2 Bulan - 7 Hari,8/16/2023,11.3,85,TIDAK
316,Annisa Maulidha ,1,4/29/2021,2 Tahun - 3 Bulan - 12 Hari,8/11/2023,10.8,84.4,TIDAK
317,ANTONIA NAILAPE ,1,5/15/2019,2 Tahun - 8 Bulan - 27 Hari,2/9/2022,9.7,82.2,IYA
318,ANTONIO A. KNAOFMONE ,0,6/22/2017,4 Tahun - 7 Bulan - 23 Hari,2/14/2022,12.8,97,IYA
319,ANTONIUS F. SENGKOEN ,0,8/6/2019,2 Tahun - 6 Bulan - 9 Hari,2/14/2022,10.4,83.5,IYA
320,ANTONIUS S. HAUMAU ,0,5/27/2017,4 Tahun - 8 Bulan - 14 Hari,2/9/2022,13.9,97.9,IYA
321,APRIAN NAILAPE ,0,4/17/2020,1 Tahun - 9 Bulan - 23 Hari,2/9/2022,8.7,78.4,IYA
322,Aprianus Oeleu ,0,4/11/2017,4 Tahun - 10 Bulan - 6 Hari,2/16/2022,13.9,98.6,IYA
323,APRILIA  ,1,4/10/2019,4 Tahun - 4 Bulan - 1 Hari,8/11/2023,13.2,96.5,TIDAK
324,APRILIA FALO ,1,4/19/2019,2 Tahun - 9 Bulan - 27 Hari,2/14/2022,10.8,85.2,IYA
325,aprilia ,1,4/26/2022,1 Tahun - 3 Bulan - 20 Hari,8/16/2023,11.2,75,TIDAK
326,Aprilio Metboki ,0,4/3/2018,3 Tahun - 10 Bulan - 17 Hari,2/19/2022,13.8,93,IYA
327,APRILIO T TMAISAN ,0,4/17/2020,1 Tahun - 10 Bulan - 5 Hari,2/21/2022,9.2,78.5,IYA
328,APRIYANTO NAILAKE ,0,3/23/2018,3 Tahun - 10 Bulan - 23 Hari,2/14/2022,11.3,92.5,IYA
329,APROLINDA D. AEK ,1,4/8/2019,2 Tahun - 10 Bulan - 1 Hari,2/7/2022,9.9,84.2,IYA
330,AQEELA SANUM ALFANIA ,1,7/12/2019,4 Tahun - 1 Bulan - 2 Hari,8/14/2023,16.4,102.5,TIDAK
331,AQILA AILA ,1,5/9/2019,4 Tahun - 3 Bulan - 7 Hari,8/16/2023,14.9,106,TIDAK
332,AQILA PUTRI ,1,5/13/2019,4 Tahun - 3 Bulan - 7 Hari,8/20/2023,16.8,107,TIDAK
333,AQILA ZAHRA ,1,3/5/2021,2 Tahun - 5 Bulan - 11 Hari,8/16/2023,13.8,91,TIDAK
334,AQILA ,1,3/12/2019,4 Tahun - 5 Bulan - 4 Hari,8/16/2023,13.3,102,TIDAK
335,AQILAH ULFA NDIFA  ,1,9/25/2020,2 Tahun - 10 Bulan - 15 Hari,8/11/2023,10.3,87,TIDAK
336,ARETA ZUNAYRA AZZAHRA ,1,3/1/2020,3 Tahun - 5 Bulan - 15 Hari,8/16/2023,9.6,99,TIDAK
337,ARETHA TOLEU NAIHALA ,1,12/1/2021,0 Tahun - 2 Bulan - 10 Hari,2/10/2022,4.3,52.7,IYA
338,ARFAN ABDUL H ,0,6/17/2019,4 Tahun - 1 Bulan - 17 Hari,8/4/2023,16.8,105,TIDAK
339,ARFAN ABDUL H ,0,6/17/2019,4 Tahun - 1 Bulan - 29 Hari,8/16/2023,16.1,106,TIDAK
340,ARGA ,0,3/29/2022,1 Tahun - 4 Bulan - 18 Hari,8/16/2023,11.2,77,TIDAK
341,ARIFAH NAILU ,1,3/15/2021,2 Tahun - 4 Bulan - 29 Hari,8/14/2023,10.5,83.5,TIDAK
342,ARIFAH ,1,9/21/2018,4 Tahun - 10 Bulan - 12 Hari,8/4/2023,17.4,109,TIDAK
343,ARINI ANNISAUS SHOLEHAH ,1,5/10/2023,0 Tahun - 2 Bulan - 27 Hari,8/6/2023,5.4,61,TIDAK
344,ARISTA DINDA ,1,9/23/2019,3 Tahun - 10 Bulan - 22 Hari,8/16/2023,15.8,106,TIDAK
345,ARISTO NAIPOEN ,0,4/9/2019,2 Tahun - 10 Bulan - 2 Hari,2/9/2022,10.4,83,IYA
346,arka  ,0,8/26/2022,0 Tahun - 11 Bulan - 20 Hari,8/16/2023,9.5,72,TIDAK
347,ARKA AULIAN H ,0,8/22/2021,1 Tahun - 11 Bulan - 23 Hari,8/16/2023,11.9,84,TIDAK
348,arka ,0,4/2/2023,0 Tahun - 4 Bulan - 14 Hari,8/16/2023,6.5,62,TIDAK
349,ARKA ,0,5/2/2021,2 Tahun - 3 Bulan - 14 Hari,8/16/2023,12.8,90,TIDAK
350,ARKA ,0,3/2/2020,3 Tahun - 5 Bulan - 14 Hari,8/16/2023,14.4,103,TIDAK
351,ARKADIUS SENGKOEN ,0,7/27/2018,3 Tahun - 6 Bulan - 19 Hari,2/14/2022,11.8,90,IYA
352,ARNOLDIANA OELEU ,1,4/7/2020,1 Tahun - 10 Bulan - 5 Hari,2/11/2022,10.6,77.6,IYA
353,ARNOLDUS SALI ,0,7/31/2019,2 Tahun - 6 Bulan - 8 Hari,2/7/2022,10.2,82.7,IYA
354,Arroyan Dilan Alfarizki ,0,7/2/2020,3 Tahun - 1 Bulan - 13 Hari,8/16/2023,14.5,86,IYA
355,ARSENIA NAISOKO ,1,7/19/2018,3 Tahun - 7 Bulan - 1 Hari,2/18/2022,10.7,89.5,IYA
356,Arsenius Kolo Sasi ,0,9/15/2017,4 Tahun - 4 Bulan - 27 Hari,2/11/2022,13.7,96.2,IYA
357,ARSHAKA HANNAN  ,0,7/25/2023,0 Tahun - 0 Bulan - 22 Hari,8/16/2023,4,53,TIDAK
358,ARSHELY CALYSTA FAZIA ,1,7/13/2023,0 Tahun - 1 Bulan - 3 Hari,8/16/2023,3.9,53,TIDAK
359,ARSILA AZZAHRA ,1,4/28/2021,2 Tahun - 3 Bulan - 18 Hari,8/16/2023,13.4,91,TIDAK
360,ARSYA ,0,2/22/2020,3 Tahun - 5 Bulan - 23 Hari,8/16/2023,14.4,100,TIDAK
361,ARSYAKA VIRENDRA S ,0,6/20/2022,1 Tahun - 1 Bulan - 26 Hari,8/16/2023,10.3,75,TIDAK
362,ARSYFA MAULIDA .O ,1,10/10/2022,0 Tahun - 10 Bulan - 5 Hari,8/16/2023,8,73,TIDAK
363,Arsyila Cantika ,1,12/25/2021,1 Tahun - 7 Bulan - 20 Hari,8/16/2023,10.8,79,TIDAK
364,ARSYILA NAIFA SHIDQIYAH ,1,8/10/2021,1 Tahun - 11 Bulan - 23 Hari,8/4/2023,11,81,TIDAK
365,ARUMI NASHARA ZITA ,1,6/14/2020,3 Tahun - 1 Bulan - 25 Hari,8/10/2023,12.7,91.5,TIDAK
366,ARYA ZAKI P ,0,12/3/2020,2 Tahun - 8 Bulan - 12 Hari,8/16/2023,13.5,91,TIDAK
367,ARYANTO TAHONI ,0,1/16/2019,3 Tahun - 1 Bulan - 6 Hari,2/22/2022,11.3,86.6,IYA
368,ASAN ASKARI  ,0,6/17/2020,3 Tahun - 1 Bulan - 23 Hari,8/11/2023,11.6,93,TIDAK
369,ASHHANA PUTRI ROBIANSYAH ,1,7/12/2023,0 Tahun - 1 Bulan - 4 Hari,8/16/2023,4,52,TIDAK
370,ASIFA ILADIJATUL ,1,9/11/2019,3 Tahun - 11 Bulan - 8 Hari,8/20/2023,16.8,106,TIDAK
371,ASKA AULIA ,1,10/7/2018,4 Tahun - 10 Bulan - 8 Hari,8/16/2023,17,108,TIDAK
372,ASKA DINA ALMIRA ,1,9/18/2021,1 Tahun - 10 Bulan - 27 Hari,8/16/2023,12.2,83,TIDAK
373,ASKIA ,1,10/9/2019,3 Tahun - 9 Bulan - 25 Hari,8/4/2023,16.8,105,TIDAK
374,ASRI OMENU ,1,11/2/2017,4 Tahun - 3 Bulan - 8 Hari,2/10/2022,13.2,92.9,IYA
375,ASSYIFA MIKAYLA RIANSIH ,1,7/29/2021,2 Tahun - 0 Bulan - 17 Hari,8/16/2023,9,81,TIDAK
376,ASYFA PUTRI A.Z ,1,5/8/2020,3 Tahun - 2 Bulan - 26 Hari,8/4/2023,14.4,97,TIDAK
377,ATA SYAKIL ,1,11/1/2022,0 Tahun - 9 Bulan - 14 Hari,8/16/2023,8.8,75,TIDAK
378,ATHA ZAIDANIL H ,0,9/28/2021,1 Tahun - 10 Bulan - 17 Hari,8/16/2023,12,82,TIDAK
379,ATIKA HUZZAHA ,0,1/22/2019,4 Tahun - 6 Bulan - 10 Hari,8/3/2023,16.5,105,TIDAK
380,AUDELIA OEMATAN ,1,4/23/2018,3 Tahun - 9 Bulan - 26 Hari,2/17/2022,11.5,90.8,IYA
381,Audy Nasya Fitria ,1,3/11/2019,4 Tahun - 5 Bulan - 5 Hari,8/16/2023,14.8,97,TIDAK
382,AULIA IZATUNNISA ,1,11/17/2019,3 Tahun - 8 Bulan - 18 Hari,8/6/2023,15.5,107,TIDAK
383,AULIA IZATUNNISA ,1,6/25/2019,4 Tahun - 1 Bulan - 9 Hari,8/4/2023,16,109,TIDAK
384,AULIA QAMIL ,0,4/8/2021,2 Tahun - 4 Bulan - 5 Hari,8/14/2023,11.9,84,TIDAK
385,AULIA ZIANA  ,1,5/29/2023,0 Tahun - 2 Bulan - 18 Hari,8/16/2023,5.3,60,TIDAK
386,AULIA ,1,4/14/2021,2 Tahun - 4 Bulan - 1 Hari,8/16/2023,10.9,85,TIDAK
387,AULIAN DANISH RAFANDRA ,1,7/31/2019,4 Tahun - 0 Bulan - 10 Hari,8/10/2023,14.5,99,TIDAK
388,AULIAN MIRZA ,1,2/19/2020,3 Tahun - 5 Bulan - 24 Hari,8/14/2023,12,91.5,TIDAK
389,AULIYA FAUZIAH ,1,4/7/2019,4 Tahun - 4 Bulan - 9 Hari,8/16/2023,14.4,99,TIDAK
390,AUREL ,1,12/23/2019,3 Tahun - 7 Bulan - 23 Hari,8/16/2023,16.1,103,TIDAK
391,AUREL ,1,3/23/2019,4 Tahun - 4 Bulan - 24 Hari,8/16/2023,15.9,107.5,TIDAK
392,AURELIA KANZA ,1,1/14/2019,4 Tahun - 7 Bulan - 0 Hari,8/16/2023,15.7,110,TIDAK
393,AURELIA NAURA.S ,1,12/31/2018,4 Tahun - 7 Bulan - 8 Hari,8/10/2023,13.7,98,TIDAK
394,AURELIA TNAAUNI ,1,4/24/2018,3 Tahun - 9 Bulan - 27 Hari,2/19/2022,11.8,92,IYA
395,AURELLIA CALISTA ,1,3/4/2020,3 Tahun - 5 Bulan - 12 Hari,8/16/2023,13.9,108,TIDAK
396,AURISTELA ALISYA P S ,1,1/24/2022,1 Tahun - 6 Bulan - 21 Hari,8/16/2023,11.1,79,TIDAK
397,AVIKA ZAHIRA ,1,5/31/2021,2 Tahun - 2 Bulan - 2 Hari,8/3/2023,12,86,TIDAK
398,AYESYA QODRUN ,1,6/30/2019,4 Tahun - 1 Bulan - 16 Hari,8/16/2023,14.7,105,TIDAK
399,AYRA QIREN A ,1,3/10/2022,1 Tahun - 5 Bulan - 6 Hari,8/16/2023,10.3,78,TIDAK
400,AYRA SADIYA RAMADANI  ,1,1/7/2019,4 Tahun - 7 Bulan - 5 Hari,8/14/2023,16.7,100,TIDAK
401,ayra ,1,3/22/2023,0 Tahun - 4 Bulan - 25 Hari,8/16/2023,6.4,60,TIDAK
402,AYRA ,1,12/11/2018,4 Tahun - 8 Bulan - 4 Hari,8/16/2023,15.6,106,TIDAK
403,AYSALUNA QINARA AFSEENA ,1,6/6/2020,3 Tahun - 2 Bulan - 9 Hari,8/16/2023,12.4,94,TIDAK
404,AZAM ZAMI  ,0,12/31/2021,1 Tahun - 7 Bulan - 14 Hari,8/16/2023,12.8,82,TIDAK
405,AZAM ,0,9/9/2020,2 Tahun - 10 Bulan - 24 Hari,8/4/2023,14,95,TIDAK
406,AZAM ,0,9/9/2020,2 Tahun - 11 Bulan - 5 Hari,8/16/2023,11.7,90,TIDAK
407,AZARINE AFIFAH PUTRI ,1,2/4/2020,3 Tahun - 5 Bulan - 29 Hari,8/4/2023,15.6,106,TIDAK
408,AZEO ELNATAN NIKOLAS ,0,11/26/2019,2 Tahun - 2 Bulan - 14 Hari,2/9/2022,10.4,81.9,IYA
409,AZFA NUR ROHMATIL K ,1,4/16/2022,1 Tahun - 3 Bulan - 20 Hari,8/6/2023,9.3,75,TIDAK
410,AZIEL FELIXIO BANI ,0,5/31/2020,1 Tahun - 8 Bulan - 11 Hari,2/10/2022,9.5,77.7,IYA
411,AZIRA NUR QOINI ,1,2/1/2023,0 Tahun - 6 Bulan - 4 Hari,8/7/2023,7.1,65,TIDAK
412,AZIZAH ANGGI M ,0,9/19/2018,4 Tahun - 10 Bulan - 26 Hari,8/16/2023,14,104,TIDAK
413,AZIZAN FAHRI N.A  ,0,7/2/2019,4 Tahun - 1 Bulan - 9 Hari,8/11/2023,13.4,96,TIDAK
414,AZIZATUN NABILA ,1,11/16/2020,2 Tahun - 8 Bulan - 29 Hari,8/16/2023,14.5,96,TIDAK
415,AZKA DAFIN GHIFARI ,0,11/16/2018,4 Tahun - 8 Bulan - 29 Hari,8/16/2023,16,117,TIDAK
416,AZKA DINA AURISTIKA ,1,1/29/2020,3 Tahun - 6 Bulan - 3 Hari,8/3/2023,15,105,TIDAK
417,AZKA MAULA ABDILLAH ,0,7/1/2023,0 Tahun - 1 Bulan - 2 Hari,8/3/2023,3.6,53,TIDAK
418,azka ,0,6/1/2022,1 Tahun - 2 Bulan - 14 Hari,8/16/2023,9.9,79,TIDAK
419,Azka ,0,11/14/2020,2 Tahun - 9 Bulan - 0 Hari,8/16/2023,13.2,93,TIDAK
420,AZKA ,0,1/10/2019,4 Tahun - 6 Bulan - 23 Hari,8/4/2023,17,105,TIDAK
421,AZKADINA KANZA PUTRI ,1,12/11/2022,0 Tahun - 7 Bulan - 25 Hari,8/7/2023,8,65,TIDAK
422,AZKADINA NADHIRA ,1,3/9/2021,2 Tahun - 5 Bulan - 5 Hari,8/14/2023,11.1,85.7,TIDAK
423,AZKAIRA NAFASYA LANI ,1,9/23/2021,1 Tahun - 10 Bulan - 13 Hari,8/7/2023,10.6,85,TIDAK
424,AZKAYRA ALFIATUS SOLEHAH ,1,4/14/2020,3 Tahun - 3 Bulan - 22 Hari,8/7/2023,14.8,100,TIDAK
425,AZKIA AZKA M ,1,8/22/2021,1 Tahun - 11 Bulan - 23 Hari,8/16/2023,12,90,TIDAK
426,AZKIA ,1,5/18/2022,1 Tahun - 2 Bulan - 28 Hari,8/16/2023,10,80,TIDAK
427,AZMI ,0,3/13/2021,2 Tahun - 5 Bulan - 3 Hari,8/16/2023,11.7,92,TIDAK
428,AZNAN HASBI ELFATHAN ,0,9/14/2022,0 Tahun - 11 Bulan - 1 Hari,8/16/2023,9.4,72,TIDAK
429,AZQIARA REYNA ,1,4/24/2022,1 Tahun - 3 Bulan - 20 Hari,8/14/2023,9.7,73,TIDAK
430,Azriel Dwi Putra ,1,8/8/2018,4 Tahun - 11 Bulan - 25 Hari,8/3/2023,16.8,110.5,TIDAK
431,Azriel Dwi Putra ,1,8/8/2018,5 Tahun - 0 Bulan - 7 Hari,8/16/2023,16.2,102,TIDAK
432,azril ,0,10/24/2021,1 Tahun - 9 Bulan - 21 Hari,8/16/2023,8.4,83,TIDAK
433,Azza ,1,12/29/2022,0 Tahun - 7 Bulan - 16 Hari,8/16/2023,7.5,64,TIDAK
434,AZZAHRA CANTYA FARIZA ,1,7/5/2019,4 Tahun - 1 Bulan - 9 Hari,8/14/2023,14.8,96,TIDAK
435,AZZAHRA ,1,12/18/2022,0 Tahun - 7 Bulan - 27 Hari,8/16/2023,7.6,68,TIDAK
436,AZZAM AULIAN P ,0,11/2/2022,0 Tahun - 9 Bulan - 13 Hari,8/16/2023,8.1,70,TIDAK
437,BADRUL AIF W ,0,6/20/2019,4 Tahun - 1 Bulan - 22 Hari,8/12/2023,16.6,104.5,TIDAK
438,BADRUT ,0,12/29/2018,4 Tahun - 7 Bulan - 16 Hari,8/16/2023,13.7,101,TIDAK
439,BALQIS HUMAIRA ,1,4/24/2021,2 Tahun - 3 Bulan - 17 Hari,8/11/2023,10.3,82,TIDAK
440,Balqis ,1,3/23/2019,4 Tahun - 4 Bulan - 20 Hari,8/12/2023,15.8,105,TIDAK
441,BAMBANG ,0,4/15/2020,3 Tahun - 3 Bulan - 26 Hari,8/12/2023,14.6,98,TIDAK
442,Bela Aulia Putri ,1,3/22/2021,2 Tahun - 4 Bulan - 24 Hari,8/16/2023,10.6,84,TIDAK
443,BELA SENGKOEN ,1,5/23/2019,2 Tahun - 8 Bulan - 22 Hari,2/12/2022,10.1,82,IYA
444,BELFANA PUTRI MUTIARA ,1,6/5/2020,3 Tahun - 2 Bulan - 10 Hari,8/16/2023,14.4,100,TIDAK
445,Bella Kamanya ,1,7/3/2023,0 Tahun - 1 Bulan - 8 Hari,8/11/2023,4.3,51,TIDAK
446,BELLA SAGITA APRILIA ,1,4/6/2021,2 Tahun - 4 Bulan - 9 Hari,8/16/2023,10.6,86,TIDAK
447,BELVANI ZELINE N ,1,7/9/2020,3 Tahun - 1 Bulan - 6 Hari,8/16/2023,15.8,105,TIDAK
448,BENEDIKTUS A. NAIOBE ,0,6/13/2020,1 Tahun - 7 Bulan - 26 Hari,2/8/2022,9,76.5,IYA
449,BERLYN ,0,11/23/2020,2 Tahun - 8 Bulan - 18 Hari,8/12/2023,12.8,91,TIDAK
450,BERNADINUS OMENU ,0,8/20/2017,4 Tahun - 5 Bulan - 21 Hari,2/10/2022,14,96.2,IYA
451,BIAN ,0,6/21/2021,2 Tahun - 1 Bulan - 25 Hari,8/16/2023,11.7,90,TIDAK
452,BILAL ZAYAN ARHAM ,0,9/22/2022,0 Tahun - 10 Bulan - 14 Hari,8/7/2023,10.4,73,TIDAK
453,BILQIS ILMI AG ,1,7/9/2021,2 Tahun - 1 Bulan - 7 Hari,8/16/2023,12.9,89,TIDAK
454,bilqis ,1,2/19/2022,1 Tahun - 5 Bulan - 25 Hari,8/16/2023,11.1,78,TIDAK
455,BILQIS ,1,9/4/2019,3 Tahun - 11 Bulan - 11 Hari,8/16/2023,15.1,104,TIDAK
456,BILQIS ,1,3/19/2020,3 Tahun - 5 Bulan - 3 Hari,8/22/2023,14.7,100,TIDAK
457,Bilqis ,1,10/26/2018,4 Tahun - 9 Bulan - 20 Hari,8/16/2023,19.8,113,TIDAK
458,BINTANG FARZANA ,0,8/4/2021,2 Tahun - 0 Bulan - 11 Hari,8/16/2023,11.7,83,TIDAK
459,BINTANG ,1,3/18/2022,1 Tahun - 4 Bulan - 29 Hari,8/16/2023,10,79,TIDAK
460,Biorisk Gudsi ,0,12/17/2021,1 Tahun - 7 Bulan - 28 Hari,8/16/2023,9.5,76,IYA
461,BUMI ARKONA ,0,12/15/2021,1 Tahun - 8 Bulan - 0 Hari,8/16/2023,11.9,84,TIDAK
462,BY AISYAH ,0,3/13/2021,2 Tahun - 4 Bulan - 28 Hari,8/11/2023,10,85.7,TIDAK
463,BY ANIS MARCELA ,0,3/6/2021,2 Tahun - 5 Bulan - 10 Hari,8/16/2023,9.3,91,TIDAK
464,BY ANIS ,0,8/22/2023,0 Tahun - 0 Bulan - 0 Hari,8/22/2023,3,48,TIDAK
465,BY ANIS ,0,4/23/2022,1 Tahun - 3 Bulan - 23 Hari,8/16/2023,11,82,TIDAK
466,BY ARIYANTI ,1,5/3/2023,0 Tahun - 3 Bulan - 13 Hari,8/16/2023,5,58,TIDAK
467,BY ATIK ,0,1/17/2023,0 Tahun - 6 Bulan - 24 Hari,8/12/2023,7.4,66,TIDAK
468,BY BELA ,1,1/4/2023,0 Tahun - 7 Bulan - 6 Hari,8/12/2023,7,65,TIDAK
469,BY BRINSINA ,0,11/19/2021,0 Tahun - 2 Bulan - 19 Hari,2/7/2022,5.9,55.8,IYA
470,BY BUATI ,1,3/24/2021,2 Tahun - 4 Bulan - 22 Hari,8/16/2023,13.9,94,TIDAK
471,BY DEVI ,0,1/9/2023,0 Tahun - 7 Bulan - 5 Hari,8/16/2023,7.3,66,TIDAK
472,BY DILA ,1,2/20/2023,0 Tahun - 5 Bulan - 20 Hari,8/12/2023,6,64,TIDAK
473,BY EKA SAFITRI ,1,3/9/2021,2 Tahun - 4 Bulan - 25 Hari,8/4/2023,13,89,TIDAK
474,By Elsa ,1,7/25/2023,0 Tahun - 0 Bulan - 17 Hari,8/11/2023,4.2,52,TIDAK
475,BY ERVI K ,1,12/12/2020,2 Tahun - 8 Bulan - 3 Hari,8/16/2023,14.6,103,TIDAK
476,BY ERWIN ,0,5/26/2023,0 Tahun - 2 Bulan - 21 Hari,8/16/2023,5,58,TIDAK
477,By Evi ,1,12/25/2022,0 Tahun - 7 Bulan - 15 Hari,8/11/2023,6.5,68,TIDAK
478,BY FAIZ ,1,2/19/2023,0 Tahun - 5 Bulan - 25 Hari,8/16/2023,7.4,67,TIDAK
479,BY FARIDA ,1,2/4/2023,0 Tahun - 5 Bulan - 28 Hari,8/4/2023,6,64,TIDAK
480,BY FARIDATUL ,0,4/1/2022,1 Tahun - 4 Bulan - 11 Hari,8/12/2023,10.5,76,TIDAK
481,BY FATIMATUS Z ,0,5/12/2023,0 Tahun - 3 Bulan - 4 Hari,8/16/2023,5.6,58,TIDAK
482,BY FEBIATI ,0,3/23/2021,2 Tahun - 4 Bulan - 23 Hari,8/16/2023,13,91,TIDAK
483,BY FELI ,0,10/7/2022,0 Tahun - 9 Bulan - 27 Hari,8/4/2023,9.5,72,TIDAK
484,BY FELI ,1,3/9/2021,2 Tahun - 5 Bulan - 7 Hari,8/16/2023,13.6,92,TIDAK
485,by fitri ,0,1/29/2021,2 Tahun - 6 Bulan - 15 Hari,8/16/2023,13,94,TIDAK
486,BY HILDEGARDIS ,0,11/2/2020,1 Tahun - 3 Bulan - 10 Hari,2/12/2022,8.8,73.4,IYA
487,By Hopsa ,1,1/15/2023,0 Tahun - 6 Bulan - 25 Hari,8/11/2023,6.7,66.2,TIDAK
488,By Humairotul ,1,4/9/2023,0 Tahun - 4 Bulan - 2 Hari,8/11/2023,5.5,59,TIDAK
489,BY HUSNUL HOTIMAH ,1,5/9/2023,0 Tahun - 3 Bulan - 7 Hari,8/16/2023,5.4,58,TIDAK
490,BY IFATUR ,1,10/27/2020,2 Tahun - 9 Bulan - 18 Hari,8/16/2023,13.8,95,TIDAK
491,BY IIN KUSUMAWATI ,0,9/12/2022,0 Tahun - 11 Bulan - 3 Hari,8/16/2023,7,72,TIDAK
492,BY IMROATUL ,0,4/25/2023,0 Tahun - 3 Bulan - 17 Hari,8/12/2023,5.5,60,TIDAK
493,BY INA LAILATUL ,0,2/27/2021,2 Tahun - 5 Bulan - 17 Hari,8/16/2023,13.9,92,TIDAK
494,BY ISWATUN ,1,6/19/2023,0 Tahun - 1 Bulan - 15 Hari,8/4/2023,4,52,TIDAK
495,BY JUARIYAH ,1,8/29/2020,2 Tahun - 11 Bulan - 22 Hari,8/22/2023,14,93,TIDAK
496,BY JUWANAH ,0,10/30/2020,2 Tahun - 9 Bulan - 2 Hari,8/3/2023,14.5,95,TIDAK
497,BY KARTIKA LIA ,0,11/15/2021,1 Tahun - 8 Bulan - 18 Hari,8/4/2023,11.5,83,TIDAK
498,BY KHOLIFAH ,0,11/24/2021,1 Tahun - 8 Bulan - 17 Hari,8/12/2023,11.9,85,TIDAK
499,BY KHOTIM ,1,11/11/2021,1 Tahun - 8 Bulan - 30 Hari,8/12/2023,11.7,84,TIDAK
500,BY KHOTIMATUL ,0,10/19/2022,0 Tahun - 9 Bulan - 27 Hari,8/16/2023,8.7,70,TIDAK
501,BY KHUSNUL K ,1,3/17/2021,2 Tahun - 5 Bulan - 3 Hari,8/20/2023,11.8,87,TIDAK
502,BY LAILATUL  ,1,12/15/2022,0 Tahun - 7 Bulan - 26 Hari,8/12/2023,7,66,TIDAK
503,BY LAILATUL ,1,6/20/2023,0 Tahun - 2 Bulan - 2 Hari,8/22/2023,4,55,TIDAK
504,BY LAILI ,0,4/12/2023,0 Tahun - 3 Bulan - 22 Hari,8/4/2023,6,61,TIDAK
505,BY LILIS ,1,6/18/2023,0 Tahun - 2 Bulan - 4 Hari,8/22/2023,5,60,TIDAK
506,BY LILIS ,0,4/3/2023,0 Tahun - 4 Bulan - 1 Hari,8/4/2023,6.3,61,TIDAK
507,BY LINDA ,1,6/18/2023,0 Tahun - 1 Bulan - 16 Hari,8/4/2023,4,52,TIDAK
508,BY LIZA ,0,2/18/2021,2 Tahun - 5 Bulan - 22 Hari,8/12/2023,12.7,87,TIDAK
509,BY LUTFIATUL ,0,5/23/2023,0 Tahun - 2 Bulan - 14 Hari,8/6/2023,5.4,58,TIDAK
510,BY MASLIKAH ,1,8/3/2022,1 Tahun - 0 Bulan - 0 Hari,8/4/2023,9.4,73,TIDAK
511,BY MAULIDIYA ,1,8/28/2022,0 Tahun - 11 Bulan - 24 Hari,8/22/2023,8.6,69,TIDAK
512,BY MAYA ,1,4/15/2023,0 Tahun - 4 Bulan - 1 Hari,8/16/2023,5.4,61,TIDAK
513,BY MOLIK ,0,1/21/2023,0 Tahun - 6 Bulan - 22 Hari,8/14/2023,7.4,65,TIDAK
514,BY MUSRIFA ,0,5/11/2023,0 Tahun - 3 Bulan - 5 Hari,8/16/2023,5.4,60,TIDAK
515,BY NAIHELI ,0,12/21/2020,1 Tahun - 1 Bulan - 25 Hari,2/15/2022,8.9,71,IYA
516,BY NAITILI ,0,2/23/2019,2 Tahun - 11 Bulan - 16 Hari,2/9/2022,12.3,86.8,IYA
517,BY NAVISAH ,1,10/28/2022,0 Tahun - 9 Bulan - 24 Hari,8/22/2023,8,70,TIDAK
518,By Nur Alfi ,0,4/20/2023,0 Tahun - 3 Bulan - 26 Hari,8/16/2023,6.5,61,TIDAK
519,BY NUR ELA ,1,7/12/2023,0 Tahun - 1 Bulan - 4 Hari,8/16/2023,4,54,TIDAK
520,BY NUR HALIMA ,0,5/18/2022,1 Tahun - 2 Bulan - 24 Hari,8/12/2023,10,78,TIDAK
521,BY NUR IZZATI ,1,9/21/2022,0 Tahun - 10 Bulan - 20 Hari,8/12/2023,8.5,69,TIDAK
522,BY NURHAMIDAH ,1,2/1/2021,2 Tahun - 6 Bulan - 12 Hari,8/16/2023,13.6,100,TIDAK
523,BY NURHASANAH ,1,3/2/2023,0 Tahun - 5 Bulan - 14 Hari,8/16/2023,6.3,61,TIDAK
524,BY NURHAYATI ,0,5/19/2023,0 Tahun - 2 Bulan - 28 Hari,8/16/2023,5,58,TIDAK
525,BY NY AIDHATUL ,1,3/12/2022,1 Tahun - 5 Bulan - 4 Hari,8/16/2023,5.9,77,TIDAK
526,BY NY AINUR ROHMAH ,1,12/5/2022,0 Tahun - 8 Bulan - 10 Hari,8/16/2023,6.5,68,TIDAK
527,BY NY AISYAH AMALIA ,0,5/31/2023,0 Tahun - 2 Bulan - 16 Hari,8/16/2023,5.7,56,TIDAK
528,BY NY AMINATUS ,1,2/11/2023,0 Tahun - 6 Bulan - 3 Hari,8/16/2023,6.9,62,TIDAK
529,BY NY ANGGITA ,1,2/10/2023,0 Tahun - 6 Bulan - 4 Hari,8/16/2023,6.5,62,TIDAK
530,BY NY ANI ALFIAH ,0,4/2/2020,3 Tahun - 4 Bulan - 8 Hari,8/11/2023,16.3,100.3,TIDAK
531,BY NY ANI ,0,10/12/2022,0 Tahun - 10 Bulan - 3 Hari,8/16/2023,6.3,79,TIDAK
532,BY NY ANIS M ,1,5/29/2022,1 Tahun - 2 Bulan - 17 Hari,8/16/2023,10.5,85,TIDAK
533,BY NY ANISA W ,0,2/10/2021,2 Tahun - 6 Bulan - 3 Hari,8/16/2023,13,92,TIDAK
534,BY NY ARISTA ,1,4/5/2023,0 Tahun - 4 Bulan - 11 Hari,8/16/2023,5.8,59,TIDAK
535,BY NY ASMIATI ,0,6/6/2023,0 Tahun - 2 Bulan - 14 Hari,8/20/2023,5,57,TIDAK
536,BY NY AYU ANDIRA ,1,5/23/2023,0 Tahun - 2 Bulan - 24 Hari,8/16/2023,3.5,56,TIDAK
537,BY NY AZIZAH ,0,6/17/2023,0 Tahun - 1 Bulan - 29 Hari,8/16/2023,4,55,TIDAK
538,BY NY BABUN ,1,3/18/2023,0 Tahun - 4 Bulan - 29 Hari,8/16/2023,4.2,58,IYA
539,BY NY CATUR ,1,6/26/2023,0 Tahun - 1 Bulan - 8 Hari,8/4/2023,4,55,TIDAK
540,BY NY CIPLUK ,0,5/7/2023,0 Tahun - 3 Bulan - 9 Hari,8/16/2023,5.2,60,TIDAK
541,BY NY DEVI ,0,7/15/2023,0 Tahun - 1 Bulan - 7 Hari,8/22/2023,4,53,TIDAK
542,BY NY DINDA YULI ,0,5/28/2022,1 Tahun - 2 Bulan - 18 Hari,8/16/2023,5.7,66,IYA
543,BY NY DWI HESTI ,0,12/1/2021,1 Tahun - 8 Bulan - 14 Hari,8/16/2023,11.4,84,TIDAK
544,BY NY EKA ,1,8/9/2023,0 Tahun - 0 Bulan - 11 Hari,8/20/2023,3,49,TIDAK
545,BY NY ELOK Z ,0,2/24/2021,2 Tahun - 5 Bulan - 20 Hari,8/16/2023,13.7,93,TIDAK
546,BY NY ENI ,1,8/9/2023,0 Tahun - 0 Bulan - 3 Hari,8/12/2023,3.7,54,TIDAK
547,BY NY ERWINDA ,0,4/4/2023,0 Tahun - 4 Bulan - 12 Hari,8/16/2023,4.4,59,IYA
548,by ny fita ,1,2/21/2020,3 Tahun - 5 Bulan - 12 Hari,8/4/2023,14.7,102,TIDAK
549,BY NY FITRIAWATI ,0,4/16/2023,0 Tahun - 4 Bulan - 0 Hari,8/16/2023,6.5,60,TIDAK
550,BY NY HERNIWATI ,1,6/2/2023,0 Tahun - 2 Bulan - 18 Hari,8/20/2023,4.6,55,TIDAK
551,BY NY HIKMATUL ,0,4/7/2023,0 Tahun - 4 Bulan - 9 Hari,8/16/2023,6,61,TIDAK
552,BY NY HOLIPA ,1,6/8/2023,0 Tahun - 1 Bulan - 26 Hari,8/4/2023,4,55,TIDAK
553,BY NY HUSNUL H ,1,5/1/2022,1 Tahun - 3 Bulan - 15 Hari,8/16/2023,10.4,76,TIDAK
554,BY NY HUSNUL HO ,0,5/14/2023,0 Tahun - 3 Bulan - 2 Hari,8/16/2023,5.1,60,TIDAK
555,BY NY IKE P ,1,3/11/2023,0 Tahun - 5 Bulan - 5 Hari,8/16/2023,6.3,60,TIDAK
556,BY NY INDAH AYU ,0,4/28/2023,0 Tahun - 3 Bulan - 18 Hari,8/16/2023,6.4,60,TIDAK
557,BY NY INDRAWATI ,0,1/3/2023,0 Tahun - 7 Bulan - 11 Hari,8/16/2023,5,64,IYA
558,BY NY INTAN ,1,1/24/2023,0 Tahun - 6 Bulan - 21 Hari,8/16/2023,5.4,66,TIDAK
559,BY NY ITA YULIANA ,0,1/3/2021,2 Tahun - 7 Bulan - 11 Hari,8/16/2023,9.5,81,IYA
560,BY NY KHOLIFATUN ,0,7/15/2022,1 Tahun - 1 Bulan - 1 Hari,8/16/2023,7.6,77,TIDAK
561,BY NY LAILATUL R ,1,6/6/2022,1 Tahun - 2 Bulan - 9 Hari,8/16/2023,7.3,62,IYA
562,BY NY LAILATUL ,1,8/26/2023,0 Tahun - 0 Bulan - 0 Hari,8/26/2023,2.7,48,TIDAK
563,BY NY LASTRI ,1,5/26/2023,0 Tahun - 2 Bulan - 8 Hari,8/3/2023,4.5,55,TIDAK
564,BY NY LILIS SURYANI ,0,4/5/2023,0 Tahun - 4 Bulan - 11 Hari,8/16/2023,4.2,60,IYA
565,BY NY LINDA P ,0,4/13/2023,0 Tahun - 4 Bulan - 3 Hari,8/16/2023,6.2,60,TIDAK
566,BY NY LULUK ,0,8/9/2023,0 Tahun - 0 Bulan - 3 Hari,8/12/2023,3.5,53,TIDAK
567,BY NY LULUK ,0,2/22/2022,1 Tahun - 5 Bulan - 22 Hari,8/16/2023,5.8,78,TIDAK
568,BY NY LUTFAIDAH ,1,9/30/2022,0 Tahun - 10 Bulan - 15 Hari,8/16/2023,8.8,70,TIDAK
569,BY NY MARETA ,1,8/3/2023,0 Tahun - 0 Bulan - 19 Hari,8/22/2023,3,49,TIDAK
570,BY NY MILA ,0,7/30/2023,0 Tahun - 0 Bulan - 17 Hari,8/16/2023,3.7,54,TIDAK
571,BY NY MISRIANI ,1,8/21/2023,0 Tahun - 0 Bulan - 1 Hari,8/22/2023,3.1,49,TIDAK
572,BY NY MISTIN ,0,6/10/2023,0 Tahun - 2 Bulan - 2 Hari,8/12/2023,5.2,60,TIDAK
573,BY NY MUSRIFA ,0,5/15/2023,0 Tahun - 3 Bulan - 1 Hari,8/16/2023,5.3,58,TIDAK
574,BY NY NISA ,1,5/9/2023,0 Tahun - 3 Bulan - 7 Hari,8/16/2023,3.6,57,TIDAK
575,BY NY NITA ,0,8/12/2023,0 Tahun - 0 Bulan - 0 Hari,8/12/2023,3.4,52,TIDAK
576,BY NY NOVITHA ,0,5/30/2023,0 Tahun - 2 Bulan - 17 Hari,8/16/2023,5.3,57,TIDAK
577,BY NY NUR KHOTIMAH ,1,9/24/2022,0 Tahun - 10 Bulan - 21 Hari,8/16/2023,6.6,65,IYA
578,BY NY NURFAIZAH ,1,5/15/2023,0 Tahun - 3 Bulan - 1 Hari,8/16/2023,4.9,59,TIDAK
579,BY NY NURHALIMA ,1,2/19/2023,0 Tahun - 5 Bulan - 25 Hari,8/16/2023,4.3,61,TIDAK
580,BY NY NURUL ANGGIETA ,1,4/30/2023,0 Tahun - 3 Bulan - 16 Hari,8/16/2023,5.6,58,TIDAK
581,BY NY NURWATI ,0,4/11/2023,0 Tahun - 4 Bulan - 5 Hari,8/16/2023,6,60,TIDAK
582,BY NY PUTRI AYU W ,1,3/15/2023,0 Tahun - 5 Bulan - 1 Hari,8/16/2023,4.2,57,IYA
583,BY NY RISKA ,0,5/30/2023,0 Tahun - 2 Bulan - 13 Hari,8/12/2023,5.3,60,TIDAK
584,BY NY ROHIMAH ,1,5/5/2022,1 Tahun - 3 Bulan - 11 Hari,8/16/2023,8.3,68,IYA
585,By Ny Rohmatul ,1,2/17/2021,2 Tahun - 5 Bulan - 22 Hari,8/11/2023,12.7,87.4,TIDAK
586,BY NY RUMIANA ,1,8/24/2023,0 Tahun - 0 Bulan - 0 Hari,8/24/2023,4,52,TIDAK
587,BY NY RUSIANI ,1,12/8/2020,2 Tahun - 8 Bulan - 7 Hari,8/16/2023,14.6,94,TIDAK
588,BY NY SAMILAH ,0,2/26/2023,0 Tahun - 5 Bulan - 18 Hari,8/16/2023,6.6,66,TIDAK
589,BY NY SILVIA ,1,11/18/2022,0 Tahun - 8 Bulan - 27 Hari,8/16/2023,6.1,68,TIDAK
590,BY NY SITI AISYAH ,0,8/12/2023,0 Tahun - 0 Bulan - 4 Hari,8/16/2023,3.7,53,TIDAK
591,BY NY SITI AMINA ,0,3/1/2023,0 Tahun - 5 Bulan - 15 Hari,8/16/2023,4.1,62,IYA
592,BY NY SITI FATIMAH ,0,3/1/2023,0 Tahun - 5 Bulan - 15 Hari,8/16/2023,6.6,63,TIDAK
593,BY NY SITI MARYAM ,0,5/26/2023,0 Tahun - 2 Bulan - 21 Hari,8/16/2023,4.9,58,TIDAK
594,BY NY SITI RUFANIA ,0,5/5/2023,0 Tahun - 3 Bulan - 11 Hari,8/16/2023,3.6,55,IYA
595,BY NY SITI SULAEHA ,1,2/7/2023,0 Tahun - 6 Bulan - 7 Hari,8/16/2023,6.7,62,TIDAK
596,BY NY SUHARTINI ,0,3/27/2023,0 Tahun - 4 Bulan - 7 Hari,8/3/2023,6,61,TIDAK
597,BY NY SULIANI ,1,10/4/2021,1 Tahun - 10 Bulan - 11 Hari,8/16/2023,11.4,85,TIDAK
598,BY NY TIRI ,0,7/2/2023,0 Tahun - 1 Bulan - 20 Hari,8/22/2023,4,55,TIDAK
599,BY NY TORIK KUMALA ,1,5/11/2022,1 Tahun - 3 Bulan - 5 Hari,8/16/2023,8.4,67,IYA
600,BY NY UMI N ,1,5/19/2023,0 Tahun - 2 Bulan - 16 Hari,8/4/2023,4.5,55,TIDAK
601,BY NY USNAWATI ,1,8/29/2022,0 Tahun - 11 Bulan - 4 Hari,8/3/2023,9,71,TIDAK
602,BY NY WAHYUNI ,0,6/19/2023,0 Tahun - 1 Bulan - 15 Hari,8/4/2023,4,55,TIDAK
603,BY NY WIWIK ,0,5/6/2022,1 Tahun - 3 Bulan - 10 Hari,8/16/2023,10.5,85,TIDAK
604,by ny yulia ,0,5/17/2021,2 Tahun - 2 Bulan - 17 Hari,8/4/2023,13.5,94,TIDAK
605,BY NY YULIANA ,0,7/1/2023,0 Tahun - 1 Bulan - 15 Hari,8/16/2023,4.5,54,TIDAK
606,BY PURWATI ,1,3/21/2023,0 Tahun - 4 Bulan - 26 Hari,8/16/2023,6,62,TIDAK
607,By qomariatul ,0,5/4/2022,1 Tahun - 3 Bulan - 12 Hari,8/16/2023,10.4,78,TIDAK
608,BY RIZA ,0,3/1/2023,0 Tahun - 5 Bulan - 3 Hari,8/4/2023,6.5,62,TIDAK
609,BY RIZA ,0,12/26/2020,2 Tahun - 7 Bulan - 19 Hari,8/16/2023,14.9,99,TIDAK
610,BY ROBIATUL NURUL ,1,3/12/2023,0 Tahun - 5 Bulan - 4 Hari,8/16/2023,6,61,TIDAK
611,BY ROBY ,0,7/13/2020,3 Tahun - 0 Bulan - 29 Hari,8/12/2023,14.3,94,TIDAK
612,BY RUIDHA ,0,5/5/2023,0 Tahun - 3 Bulan - 11 Hari,8/16/2023,5.3,62,TIDAK
613,BY SAIDA ,1,10/25/2022,0 Tahun - 9 Bulan - 21 Hari,8/16/2023,9,71,TIDAK
614,BY SANINTI ,0,5/14/2022,1 Tahun - 3 Bulan - 2 Hari,8/16/2023,11,82,TIDAK
615,BY SILVI ,0,11/19/2022,0 Tahun - 8 Bulan - 22 Hari,8/12/2023,8,69,TIDAK
616,BY SITI A ,0,9/22/2022,0 Tahun - 10 Bulan - 23 Hari,8/16/2023,9.6,74,TIDAK
617,BY SITI HOTIJAH ,0,5/15/2023,0 Tahun - 3 Bulan - 1 Hari,8/16/2023,5.6,58,TIDAK
618,BY SITI IZZA ,0,3/3/2023,0 Tahun - 5 Bulan - 13 Hari,8/16/2023,7,65,TIDAK
619,BY SITI MAQFIROH ,0,5/18/2023,0 Tahun - 2 Bulan - 29 Hari,8/16/2023,6,59,TIDAK
620,BY SITI ZAENAP ,0,12/9/2021,1 Tahun - 7 Bulan - 24 Hari,8/4/2023,10.8,81,TIDAK
621,BY SITI ,1,8/31/2022,0 Tahun - 11 Bulan - 11 Hari,8/12/2023,8.3,69,TIDAK
622,BY SOFIATUL ,1,4/22/2023,0 Tahun - 4 Bulan - 0 Hari,8/22/2023,5.6,61,TIDAK
623,BY SONIA A ,0,4/10/2023,0 Tahun - 4 Bulan - 6 Hari,8/16/2023,6.2,61,TIDAK
624,BY SRI HANDAYANI ,0,1/30/2021,2 Tahun - 6 Bulan - 18 Hari,8/20/2023,13.6,96,TIDAK
625,BY SUCIATI ,1,5/15/2023,0 Tahun - 3 Bulan - 1 Hari,8/16/2023,5,59,TIDAK
626,BY SULASTRI ,1,11/8/2021,1 Tahun - 9 Bulan - 6 Hari,8/16/2023,9.5,75,IYA
627,by sulihin ,0,9/13/2020,2 Tahun - 10 Bulan - 19 Hari,8/3/2023,14.6,98,TIDAK
628,BY SUMHARYATI ,0,1/31/2022,1 Tahun - 6 Bulan - 10 Hari,8/12/2023,10.7,79,TIDAK
629,BY SUNARSIH ,0,7/23/2023,0 Tahun - 0 Bulan - 24 Hari,8/16/2023,4,53,TIDAK
630,BY SUNARSIH ,0,1/10/2023,0 Tahun - 6 Bulan - 23 Hari,8/4/2023,7.6,65,TIDAK
631,BY SUSTIYA ,0,3/26/2021,2 Tahun - 4 Bulan - 26 Hari,8/22/2023,13.6,94,TIDAK
632,BY TOKEN ,1,4/7/2021,0 Tahun - 10 Bulan - 3 Hari,2/9/2022,8,65.5,IYA
633,BY TOWIK ,0,2/8/2021,2 Tahun - 5 Bulan - 23 Hari,8/3/2023,13,92,TIDAK
634,BY ULFA AGUSTIN ,1,12/10/2020,2 Tahun - 8 Bulan - 5 Hari,8/16/2023,14.3,102,TIDAK
635,BY USNAWATI ,1,7/4/2020,3 Tahun - 0 Bulan - 29 Hari,8/3/2023,13.7,96,TIDAK
636,BY USWA ,0,11/2/2022,0 Tahun - 9 Bulan - 13 Hari,8/16/2023,9,71,TIDAK
637,BY YANI ,0,8/31/2022,0 Tahun - 11 Bulan - 15 Hari,8/16/2023,9.4,74,TIDAK
638,BY YANTI ,0,2/27/2020,1 Tahun - 11 Bulan - 15 Hari,2/12/2022,8.5,79.2,IYA
639,BY YUKE APRIYANTI ,0,3/12/2023,0 Tahun - 4 Bulan - 23 Hari,8/4/2023,6,64,TIDAK
640,By Yulinda ,0,4/24/2023,0 Tahun - 3 Bulan - 22 Hari,8/16/2023,5.8,60,TIDAK
641,BY ZAINIYAH ,1,3/26/2023,0 Tahun - 4 Bulan - 21 Hari,8/16/2023,6.4,60,TIDAK
642,By. Lusiana ,0,9/10/2022,0 Tahun - 11 Bulan - 0 Hari,8/11/2023,8.1,73,TIDAK
643,BY. NURISA ,1,12/10/2022,0 Tahun - 7 Bulan - 29 Hari,8/10/2023,7.8,70,TIDAK
644,By. Ny. Amalia Ramdhani ,1,4/1/2022,1 Tahun - 4 Bulan - 11 Hari,8/12/2023,10,76,TIDAK
645,By. Ny. Dahisa ,1,12/13/2021,1 Tahun - 7 Bulan - 26 Hari,8/10/2023,10,77,TIDAK
646,By. Ny. Fidia agustin ,0,10/1/2021,1 Tahun - 10 Bulan - 20 Hari,8/22/2023,10.8,88,TIDAK
647,By. Ny. Fitriatun Nabila ,0,7/8/2022,1 Tahun - 0 Bulan - 26 Hari,8/4/2023,9,73,TIDAK
648,By. Ny. Halimatus S. ,0,9/16/2022,0 Tahun - 10 Bulan - 25 Hari,8/12/2023,6,63,IYA
649,By. Ny. Mahmuda ,0,10/30/2021,1 Tahun - 9 Bulan - 15 Hari,8/16/2023,11.9,82,TIDAK
650,By. Ny. Rufiah ,1,12/10/2022,0 Tahun - 8 Bulan - 5 Hari,8/16/2023,7.5,65,TIDAK
651,By. Ny. Sahra ,0,4/4/2022,1 Tahun - 4 Bulan - 12 Hari,8/16/2023,9.1,72,IYA
652,By. Ny. Siti Rohmawati ,0,1/23/2023,0 Tahun - 6 Bulan - 22 Hari,8/16/2023,7,66,TIDAK
653,By. Ny. Sulastri ,1,5/12/2022,1 Tahun - 3 Bulan - 10 Hari,8/22/2023,10.7,81,TIDAK
654,By. Siti Nuraisyah ,0,1/3/2023,0 Tahun - 7 Bulan - 11 Hari,8/16/2023,7.4,72,TIDAK
655,By.Nurlaeli ,0,1/23/2022,1 Tahun - 6 Bulan - 17 Hari,8/11/2023,9.4,80.9,TIDAK
656,By.Ny Ainul karomah ,1,7/19/2022,1 Tahun - 0 Bulan - 22 Hari,8/11/2023,7.9,69.8,TIDAK
657,By.Ny Qurrotul ,1,6/30/2022,1 Tahun - 1 Bulan - 11 Hari,8/11/2023,7.9,70.6,TIDAK
658,By.Umi kulsum ,0,2/2/2022,1 Tahun - 6 Bulan - 7 Hari,8/11/2023,12.5,81.8,TIDAK
659,By.Windy sunarsih ,0,8/12/2022,0 Tahun - 11 Bulan - 29 Hari,8/11/2023,9.1,75,TIDAK
660,By.Yumnu Nisa ,1,5/31/2021,2 Tahun - 2 Bulan - 10 Hari,8/11/2023,11.2,85.7,TIDAK
661,By.yusrolana ,1,7/30/2021,2 Tahun - 0 Bulan - 11 Hari,8/11/2023,10.9,81,TIDAK
662,BYHARTATIK ,0,5/9/2023,0 Tahun - 3 Bulan - 13 Hari,8/22/2023,6,60,TIDAK
663,BYMITA ,1,1/31/2023,0 Tahun - 6 Bulan - 14 Hari,8/16/2023,7.9,66,TIDAK
664,CALISTA MAHIRA ELSHANUM FUAD ,1,12/27/2021,1 Tahun - 7 Bulan - 14 Hari,8/12/2023,11.4,83,TIDAK
665,Candra  ,0,4/11/2019,4 Tahun - 4 Bulan - 5 Hari,8/16/2023,14,103,TIDAK
666,cantika ,1,11/8/2022,0 Tahun - 9 Bulan - 7 Hari,8/16/2023,9.5,66,TIDAK
667,CARLES D. SENGKOEN ,0,3/11/2017,4 Tahun - 11 Bulan - 7 Hari,2/16/2022,13.5,97,IYA
668,CAROLUS GAVIN ,0,6/7/2021,0 Tahun - 8 Bulan - 8 Hari,2/14/2022,6.9,65.8,IYA
669,CECILIA GISELA OE ,1,3/4/2019,2 Tahun - 11 Bulan - 5 Hari,2/7/2022,10.5,84.6,IYA
670,CELIN A. FUTAUNI ,1,10/20/2019,2 Tahun - 3 Bulan - 27 Hari,2/15/2022,9.3,77.6,IYA
671,chaira ,1,1/28/2021,2 Tahun - 6 Bulan - 16 Hari,8/16/2023,11.9,93,TIDAK
672,Chalista M.Naisanit ,1,10/14/2017,4 Tahun - 3 Bulan - 26 Hari,2/9/2022,11.1,93.6,IYA
673,CHAYRA AZMI FELISHA ,1,1/27/2022,1 Tahun - 6 Bulan - 12 Hari,8/10/2023,8.3,75.5,TIDAK
674,Chelse ,1,4/7/2020,3 Tahun - 4 Bulan - 8 Hari,8/16/2023,12.6,96,TIDAK
675,CHOIRUNNISA SALSABILA PUTRI ,1,3/25/2020,3 Tahun - 4 Bulan - 21 Hari,8/16/2023,9.4,96,TIDAK
676,CINDY LISVIANA ,1,2/10/2020,3 Tahun - 6 Bulan - 4 Hari,8/16/2023,15,101,TIDAK
677,CINDY LISVIANA ,1,2/10/2020,3 Tahun - 6 Bulan - 0 Hari,8/12/2023,15,103,TIDAK
678,CLAUDIUS A. TUAMES ,0,11/2/2019,2 Tahun - 3 Bulan - 14 Hari,2/15/2022,8.6,76.8,IYA
679,CRERIKA ZEA A.P ,1,8/27/2022,0 Tahun - 11 Bulan - 19 Hari,8/16/2023,9.3,75,TIDAK
680,dafa azrieka ,0,11/27/2020,2 Tahun - 8 Bulan - 18 Hari,8/16/2023,12.7,93,TIDAK
681,DAFA DIAN RAFASYAH ,0,7/5/2020,3 Tahun - 1 Bulan - 6 Hari,8/12/2023,13.8,96,TIDAK
682,DAFA DZUHAIRI A ,0,9/9/2021,1 Tahun - 11 Bulan - 5 Hari,8/16/2023,12,90,TIDAK
683,DAFA DZUHAIRI ,0,1/19/2021,2 Tahun - 6 Bulan - 20 Hari,8/11/2023,13.1,89,TIDAK
684,DAFA ,0,3/31/2020,3 Tahun - 4 Bulan - 15 Hari,8/16/2023,16,102,TIDAK
685,DAFFA FAUZAN KAMIL ,0,12/6/2020,2 Tahun - 7 Bulan - 29 Hari,8/6/2023,14,94,TIDAK
686,DAFFA HOIRIL AZZAM ,1,8/22/2022,0 Tahun - 11 Bulan - 24 Hari,8/16/2023,8.5,73,TIDAK
687,DAFFA ,0,12/12/2020,2 Tahun - 7 Bulan - 21 Hari,8/4/2023,14,93,TIDAK
688,DAFIANSYAH FAHRIZA AL HASAN ,0,5/5/2023,0 Tahun - 2 Bulan - 30 Hari,8/4/2023,5.5,60,TIDAK
689,DALIA ,1,10/24/2022,0 Tahun - 9 Bulan - 18 Hari,8/12/2023,8.4,70,TIDAK
690,DAMASYA S. NAISALI ,1,12/11/2018,3 Tahun - 1 Bulan - 27 Hari,2/7/2022,11,85.7,IYA
691,DANIEL SYAHREZA ,0,1/10/2021,2 Tahun - 7 Bulan - 4 Hari,8/16/2023,13.7,99,TIDAK
692,Danis  ,0,7/4/2019,4 Tahun - 1 Bulan - 12 Hari,8/16/2023,15.4,103,TIDAK
693,DANIS OKTAFIANSYAH ,0,10/8/2019,3 Tahun - 9 Bulan - 25 Hari,8/3/2023,15.7,111,TIDAK
694,DARELANO LAMUEL  ,0,7/4/2023,0 Tahun - 1 Bulan - 12 Hari,8/16/2023,4,54,TIDAK
695,DAVA ,0,6/1/2019,4 Tahun - 2 Bulan - 15 Hari,8/16/2023,15.1,106,TIDAK
696,DAVANKA ALVAREZEL  ,0,2/8/2023,0 Tahun - 6 Bulan - 6 Hari,8/16/2023,7.7,67,TIDAK
697,DAVINA HILYA ANAM ,1,3/2/2022,1 Tahun - 5 Bulan - 10 Hari,8/12/2023,11,83,TIDAK
698,DAYESHA RAFANI ,1,4/14/2023,0 Tahun - 4 Bulan - 2 Hari,8/16/2023,5.6,59,TIDAK
699,dayyan ,0,8/24/2021,1 Tahun - 11 Bulan - 21 Hari,8/16/2023,17.1,94,TIDAK
700,DEFANO ,1,6/22/2020,3 Tahun - 1 Bulan - 29 Hari,8/22/2023,14.6,101,TIDAK
701,DEFI AYU NINGTIYAS ,1,12/9/2021,1 Tahun - 7 Bulan - 23 Hari,8/3/2023,11,83,TIDAK
702,DENIS OKTAFIAN ,0,10/8/2019,3 Tahun - 9 Bulan - 25 Hari,8/3/2023,15,99,TIDAK
703,DENIS ,0,6/12/2020,3 Tahun - 2 Bulan - 3 Hari,8/16/2023,13.3,98,TIDAK
704,DERRI FATTAH AL G ,0,9/19/2019,3 Tahun - 10 Bulan - 26 Hari,8/16/2023,14.9,103,TIDAK
705,DESRIYANTI NAIKOFI ,1,12/30/2019,2 Tahun - 1 Bulan - 9 Hari,2/7/2022,8.2,78.5,IYA
706,destiana ,1,11/30/2022,0 Tahun - 8 Bulan - 15 Hari,8/16/2023,7.2,71,TIDAK
707,DEVAN ARDIAN ,0,3/8/2019,4 Tahun - 5 Bulan - 8 Hari,8/16/2023,15.9,108,TIDAK
708,DEVANIA MORUK ,1,5/12/2020,1 Tahun - 9 Bulan - 4 Hari,2/15/2022,8.3,76.7,IYA
709,DEVANO RENALDI ,0,3/23/2020,3 Tahun - 4 Bulan - 19 Hari,8/12/2023,14.6,99,TIDAK
710,devano ,0,12/20/2022,0 Tahun - 7 Bulan - 25 Hari,8/16/2023,7.5,64,IYA
711,DEVANO ,0,11/5/2022,0 Tahun - 9 Bulan - 6 Hari,8/12/2023,8.5,70,TIDAK
712,DEVANO ,0,10/29/2018,4 Tahun - 9 Bulan - 17 Hari,8/16/2023,16,104,TIDAK
713,DEVANTUS NAIHELI ,0,12/20/2020,1 Tahun - 1 Bulan - 20 Hari,2/9/2022,5.6,64.3,IYA
714,DEVIAN NEVAN A.F.P ,0,7/22/2022,1 Tahun - 0 Bulan - 24 Hari,8/16/2023,7.7,77,TIDAK
715,DEVINO FAZAL A ,0,3/31/2019,4 Tahun - 4 Bulan - 16 Hari,8/16/2023,16.8,106,TIDAK
716,DEVITA  ,1,2/6/2022,1 Tahun - 6 Bulan - 8 Hari,8/16/2023,11.4,62,IYA
717,DEWA AFKAR . ,0,10/30/2019,3 Tahun - 9 Bulan - 16 Hari,8/16/2023,9.3,99,TIDAK
718,DEWANGGA S. TAHONI ,0,11/12/2018,3 Tahun - 3 Bulan - 5 Hari,2/17/2022,12.3,89.5,IYA
719,DEWI H ,1,9/13/2022,0 Tahun - 11 Bulan - 2 Hari,8/16/2023,9.2,73,TIDAK
720,Dewi Wardah ,1,9/17/2018,4 Tahun - 10 Bulan - 28 Hari,8/16/2023,15,107,TIDAK
721,Dhafi Maulana ,0,9/30/2022,0 Tahun - 10 Bulan - 15 Hari,8/16/2023,8.4,71,TIDAK
722,DHIFA AYRIN ,1,4/20/2021,2 Tahun - 3 Bulan - 26 Hari,8/16/2023,13.7,91,TIDAK
723,Diajeng ,1,8/12/2020,3 Tahun - 0 Bulan - 3 Hari,8/16/2023,12.7,96,TIDAK
724,dian mutia ,1,2/26/2022,1 Tahun - 5 Bulan - 18 Hari,8/16/2023,11.2,80,TIDAK
725,DIANA HULIDIYAHUSNA MA ,1,2/11/2022,1 Tahun - 5 Bulan - 20 Hari,8/3/2023,10,81,TIDAK
726,DIANA MAULIDIA PUTRI ,1,10/20/2021,1 Tahun - 9 Bulan - 16 Hari,8/7/2023,10.6,79,TIDAK
727,DIANA ,1,11/12/2018,4 Tahun - 9 Bulan - 7 Hari,8/20/2023,16.7,106,TIDAK
728,DIFA ,1,10/3/2019,3 Tahun - 10 Bulan - 18 Hari,8/22/2023,16.6,103,TIDAK
729,DIFA ,1,4/4/2020,3 Tahun - 4 Bulan - 6 Hari,8/11/2023,13.7,94.7,TIDAK
730,DIFA ,1,4/4/2020,3 Tahun - 4 Bulan - 11 Hari,8/16/2023,15,102,TIDAK
731,DIHAN RAMADHAN ,0,4/25/2021,2 Tahun - 3 Bulan - 21 Hari,8/16/2023,9,87,TIDAK
732,dika irfansyah ,0,3/4/2020,3 Tahun - 4 Bulan - 29 Hari,8/3/2023,15.6,99,TIDAK
733,DIKA ,0,8/4/2018,5 Tahun - 0 Bulan - 11 Hari,8/16/2023,16.1,113,TIDAK
734,DILAN ,0,7/15/2022,1 Tahun - 1 Bulan - 5 Hari,8/20/2023,10,76,TIDAK
735,Dilan ,0,5/21/2020,3 Tahun - 2 Bulan - 25 Hari,8/16/2023,14.8,97,TIDAK
736,DILANTRIUS NAIHALA ,0,7/20/2020,1 Tahun - 6 Bulan - 23 Hari,2/11/2022,9.2,76,IYA
737,dimas hermanyah ,0,3/12/2020,3 Tahun - 4 Bulan - 25 Hari,8/7/2023,13.6,91.5,TIDAK
738,DIMASPRAYOGA ,1,9/19/2022,0 Tahun - 10 Bulan - 13 Hari,8/3/2023,8.5,70,TIDAK
739,DINAH HUMAROH S ,1,9/6/2018,4 Tahun - 11 Bulan - 9 Hari,8/16/2023,15.3,109,TIDAK
740,dinda ,1,2/20/2023,0 Tahun - 5 Bulan - 24 Hari,8/16/2023,6.7,62,TIDAK
741,DINDA ,1,10/12/2020,2 Tahun - 10 Bulan - 3 Hari,8/16/2023,13.2,91,TIDAK
742,DINDA ,1,10/30/2019,3 Tahun - 9 Bulan - 22 Hari,8/22/2023,15.5,101,TIDAK
743,DINDA ,1,12/27/2018,4 Tahun - 7 Bulan - 6 Hari,8/4/2023,17.3,106,TIDAK
744,DINI DWIYANTI ,1,6/17/2020,3 Tahun - 1 Bulan - 24 Hari,8/12/2023,14,94,TIDAK
745,Dio  ,0,6/1/2019,4 Tahun - 2 Bulan - 15 Hari,8/16/2023,15.6,106,TIDAK
746,DIRA SAFA ,1,3/28/2019,4 Tahun - 4 Bulan - 19 Hari,8/16/2023,16.3,107,TIDAK
747,Dirga ,0,8/7/2020,3 Tahun - 0 Bulan - 3 Hari,8/11/2023,11.9,93,TIDAK
748,DIVA SALSABILA ,1,6/23/2020,3 Tahun - 1 Bulan - 22 Hari,8/16/2023,13.9,99,TIDAK
749,DIVA ,1,4/25/2020,3 Tahun - 3 Bulan - 20 Hari,8/16/2023,15.6,102.6,TIDAK
750,DOIFATUL HASANAH ,1,5/22/2020,3 Tahun - 2 Bulan - 19 Hari,8/11/2023,11.8,89,TIDAK
751,DONIBER TFAENTEM ,0,12/27/2021,0 Tahun - 1 Bulan - 15 Hari,2/11/2022,3,49.7,IYA
752,DWI ANGGA ,0,8/25/2021,1 Tahun - 11 Bulan - 24 Hari,8/20/2023,11.7,84,TIDAK
753,DWI ,1,11/18/2018,4 Tahun - 8 Bulan - 27 Hari,8/16/2023,13.6,101,TIDAK
754,DYLAN ,0,3/1/2019,4 Tahun - 5 Bulan - 15 Hari,8/16/2023,14.7,106,TIDAK
755,DZAFRAN ALFA ,0,5/28/2019,4 Tahun - 2 Bulan - 19 Hari,8/16/2023,16.8,108,TIDAK
756,DZAKIRA ALFA ,1,12/7/2019,3 Tahun - 8 Bulan - 8 Hari,8/16/2023,14.7,100,TIDAK
757,Dzakira ,1,8/3/2020,3 Tahun - 0 Bulan - 12 Hari,8/16/2023,12.9,96,TIDAK
758,DZUL QO NAIM ,0,9/13/2019,3 Tahun - 10 Bulan - 27 Hari,8/11/2023,14.9,96.5,TIDAK
759,EARLYTA ARSYIFA S ,1,3/17/2019,4 Tahun - 4 Bulan - 25 Hari,8/11/2023,12,97,TIDAK
760,EGA AGATA ,1,8/23/2019,3 Tahun - 11 Bulan - 23 Hari,8/16/2023,15.8,107,TIDAK
761,EGA AGATA ,1,8/23/2019,3 Tahun - 11 Bulan - 23 Hari,8/16/2023,14,104,TIDAK
762,EGI MAULANA AHMAD ,0,11/10/2019,3 Tahun - 9 Bulan - 5 Hari,8/16/2023,15.7,108,TIDAK
763,EGIDIUS OELEU ,0,3/13/2017,4 Tahun - 11 Bulan - 6 Hari,2/17/2022,13.7,97.8,IYA
764,EL ZIO ARSHAKA ,0,5/23/2023,0 Tahun - 2 Bulan - 24 Hari,8/16/2023,6.1,58,TIDAK
765,ELDO ,0,3/19/2020,3 Tahun - 5 Bulan - 3 Hari,8/22/2023,14.9,103,TIDAK
766,ELENA H ALMAERA ,1,6/13/2022,1 Tahun - 1 Bulan - 29 Hari,8/12/2023,10,77,TIDAK
767,ELFINO TAMNES ,0,5/31/2019,2 Tahun - 8 Bulan - 23 Hari,2/21/2022,10.6,84.5,IYA
768,ELISABET SONBAY ,1,6/28/2018,3 Tahun - 7 Bulan - 15 Hari,2/11/2022,12.3,88,IYA
769,ELISABETH NAITILI ,1,12/13/2018,3 Tahun - 2 Bulan - 5 Hari,2/17/2022,11.1,87.5,IYA
770,ELIZA MUTYA ATZAHRA  ,1,3/6/2020,3 Tahun - 5 Bulan - 5 Hari,8/11/2023,13.8,93.5,TIDAK
771,ELPI F. NAITILI ,1,7/23/2017,4 Tahun - 6 Bulan - 28 Hari,2/19/2022,13.3,93.6,IYA
772,ELSANUM NAYANA PRAHADIKA PUTRI ,1,5/24/2023,0 Tahun - 2 Bulan - 23 Hari,8/16/2023,5,59,TIDAK
773,ELVIGA TAHONI ,1,9/19/2017,4 Tahun - 4 Bulan - 27 Hari,2/15/2022,11.4,93,IYA
774,ELVIRA DEVINA MIRA ,1,3/30/2019,4 Tahun - 4 Bulan - 5 Hari,8/4/2023,16.4,109,TIDAK
775,ELZHIO SHAKA P ,0,2/25/2023,0 Tahun - 5 Bulan - 19 Hari,8/16/2023,6.7,64,TIDAK
776,emely ,1,10/13/2022,0 Tahun - 10 Bulan - 2 Hari,8/16/2023,7.9,70,TIDAK
777,EMERIK HAMAU ,0,11/4/2018,3 Tahun - 3 Bulan - 6 Hari,2/10/2022,10.5,88.4,IYA
778,ENJEL ,1,11/3/2019,3 Tahun - 9 Bulan - 12 Hari,8/16/2023,14.2,99,TIDAK
779,ENJEL ,1,11/3/2019,3 Tahun - 9 Bulan - 8 Hari,8/12/2023,15.6,103,TIDAK
780,ERINA AZIZAH ,1,5/14/2020,3 Tahun - 3 Bulan - 1 Hari,8/16/2023,11,100,TIDAK
781,ERINA TANISYA  ,1,9/20/2021,1 Tahun - 10 Bulan - 25 Hari,8/16/2023,12.8,83,TIDAK
782,ERINA ,1,7/23/2019,4 Tahun - 0 Bulan - 24 Hari,8/16/2023,15.7,108,TIDAK
783,erix ,0,12/3/2020,2 Tahun - 8 Bulan - 0 Hari,8/4/2023,13.7,93,TIDAK
784,ERWINA ,1,9/10/2022,0 Tahun - 11 Bulan - 5 Hari,8/16/2023,9.3,71,TIDAK
785,ESTERLINA EFU ,1,10/17/2018,3 Tahun - 4 Bulan - 5 Hari,2/21/2022,9.2,86.6,IYA
786,EUGENIA KEKE ,1,5/21/2018,3 Tahun - 8 Bulan - 21 Hari,2/10/2022,13,89.3,IYA
787,F PUTRA R ,0,5/22/2019,4 Tahun - 2 Bulan - 25 Hari,8/16/2023,16.5,106,TIDAK
788,FADHOL TUKUMALAL ALAMIN ,0,3/23/2023,0 Tahun - 4 Bulan - 12 Hari,8/4/2023,6.5,61,TIDAK
789,FADIL ,0,5/24/2019,4 Tahun - 2 Bulan - 27 Hari,8/20/2023,17,107,TIDAK
790,FADILATUL MAULAYA ,1,9/5/2020,2 Tahun - 11 Bulan - 9 Hari,8/16/2023,14.7,97,TIDAK
791,FAHIMA ,1,2/16/2020,3 Tahun - 5 Bulan - 29 Hari,8/16/2023,14.5,103,TIDAK
792,Fahima ,1,2/16/2020,3 Tahun - 5 Bulan - 25 Hari,8/12/2023,14.7,103,TIDAK
793,FAHMI ,0,8/4/2019,4 Tahun - 0 Bulan - 18 Hari,8/22/2023,17.2,105,TIDAK
794,FAHRI MAUALAN ,0,11/22/2018,4 Tahun - 8 Bulan - 23 Hari,8/16/2023,16.8,112,TIDAK
795,FAHRUL ,0,1/16/2022,1 Tahun - 6 Bulan - 29 Hari,8/16/2023,11.2,79,TIDAK
796,faida nada fitriyah ,1,3/14/2020,3 Tahun - 4 Bulan - 19 Hari,8/3/2023,14.8,103,TIDAK
797,FAIDANADA FITRIAH ,1,3/14/2020,3 Tahun - 4 Bulan - 19 Hari,8/3/2023,14,94,TIDAK
798,FAIQOTUL HIKMAH ,1,3/17/2021,2 Tahun - 4 Bulan - 17 Hari,8/4/2023,11.8,87,TIDAK
799,FAIRAL CAHIRA A ,1,10/21/2022,0 Tahun - 9 Bulan - 25 Hari,8/16/2023,8.2,72,TIDAK
800,faisatul imama ,1,2/5/2019,4 Tahun - 5 Bulan - 26 Hari,8/3/2023,15.6,102,TIDAK
801,FAIZAH APRILIA  ,1,4/26/2021,2 Tahun - 3 Bulan - 20 Hari,8/16/2023,13.5,90,TIDAK
802,FAJAR ,0,4/4/2022,1 Tahun - 4 Bulan - 12 Hari,8/16/2023,11.2,83,TIDAK
803,FAJRIA ,1,8/2/2022,1 Tahun - 0 Bulan - 13 Hari,8/16/2023,9.6,75,TIDAK
804,falisha ,1,8/1/2022,1 Tahun - 0 Bulan - 14 Hari,8/16/2023,8.5,71,TIDAK
805,Fania  ,1,7/1/2019,4 Tahun - 1 Bulan - 15 Hari,8/16/2023,14.2,105,TIDAK
806,FAQI ,0,3/1/2019,4 Tahun - 5 Bulan - 15 Hari,8/16/2023,13.2,100,TIDAK
807,FARAH FAIRUS ,1,9/11/2018,4 Tahun - 10 Bulan - 28 Hari,8/10/2023,14,101,TIDAK
808,FARANI NAILI ,1,6/1/2021,2 Tahun - 2 Bulan - 14 Hari,8/16/2023,10.9,84,TIDAK
809,FARANISA ,1,12/28/2019,3 Tahun - 7 Bulan - 13 Hari,8/11/2023,13.7,94,TIDAK
810,FAREL ,0,6/10/2022,1 Tahun - 2 Bulan - 5 Hari,8/16/2023,9.2,75,TIDAK
811,FARELIUS METBOKI ,0,2/5/2018,4 Tahun - 0 Bulan - 12 Hari,2/17/2022,13.2,93.4,IYA
812,Farhan  ,0,4/10/2022,1 Tahun - 4 Bulan - 6 Hari,8/16/2023,10.8,76,TIDAK
813,FARHAN SYIBRAN ILAHI ,0,5/3/2019,4 Tahun - 3 Bulan - 7 Hari,8/10/2023,13.4,97,TIDAK
814,FARHANA AKILA  ,1,9/13/2019,3 Tahun - 10 Bulan - 28 Hari,8/12/2023,16,103,TIDAK
815,Farhana Aliyafilla Taufiqi ,1,8/31/2018,4 Tahun - 11 Bulan - 15 Hari,8/16/2023,16.9,105,TIDAK
816,FARID R ,0,5/25/2019,4 Tahun - 2 Bulan - 10 Hari,8/4/2023,16.7,110,TIDAK
817,FARIS ,0,5/12/2020,3 Tahun - 3 Bulan - 3 Hari,8/16/2023,16.1,100,TIDAK
818,Farisa ,1,11/8/2022,0 Tahun - 9 Bulan - 7 Hari,8/16/2023,8.3,71,TIDAK
819,faruk ,0,9/2/2020,2 Tahun - 11 Bulan - 12 Hari,8/16/2023,12.5,93,TIDAK
820,Farzan ,0,9/26/2020,2 Tahun - 10 Bulan - 19 Hari,8/16/2023,12.9,94,TIDAK
821,FATHAN DANIA A ,0,10/12/2020,2 Tahun - 10 Bulan - 3 Hari,8/16/2023,14.6,96,TIDAK
822,fathan ,0,2/21/2021,2 Tahun - 5 Bulan - 23 Hari,8/16/2023,13.6,98,TIDAK
823,FATHIR ,0,12/3/2022,0 Tahun - 8 Bulan - 16 Hari,8/20/2023,8.2,69,TIDAK
824,Fathul ,0,11/19/2021,1 Tahun - 8 Bulan - 26 Hari,8/16/2023,9.3,77,IYA
825,FATHUR ROHMAN ,0,1/1/2020,3 Tahun - 7 Bulan - 14 Hari,8/16/2023,14.9,105,TIDAK
826,FATIMAH ,1,10/5/2018,4 Tahun - 10 Bulan - 10 Hari,8/16/2023,15.9,108,TIDAK
827,FATIMATUS Z ,1,9/8/2018,4 Tahun - 11 Bulan - 7 Hari,8/16/2023,14.3,102,TIDAK
828,FATIMATUS ZAHRO ,1,8/5/2022,1 Tahun - 0 Bulan - 1 Hari,8/7/2023,9.4,73,TIDAK
829,FATIMATUS ZAHRO ,1,3/1/2021,2 Tahun - 5 Bulan - 2 Hari,8/3/2023,12,84,TIDAK
830,FATIMATUS ZAHRO ,1,1/28/2019,4 Tahun - 6 Bulan - 17 Hari,8/16/2023,15.8,110,TIDAK
831,FATIMATUS ZAHRO ,1,11/1/2022,0 Tahun - 9 Bulan - 14 Hari,8/16/2023,8.3,69,TIDAK
832,FATIMATUZ SA ,1,6/19/2021,2 Tahun - 1 Bulan - 14 Hari,8/3/2023,11.7,91,TIDAK
833,FATIN ADZQIYA NAHDA  ,1,2/12/2020,3 Tahun - 5 Bulan - 28 Hari,8/11/2023,12,91.5,TIDAK
834,FAUNIA ARIFAH ,1,9/25/2019,3 Tahun - 10 Bulan - 16 Hari,8/12/2023,16.4,105.5,TIDAK
835,fauzan ,0,5/16/2020,3 Tahun - 2 Bulan - 30 Hari,8/16/2023,15.5,109,TIDAK
836,FAUZIATUL MARDIYAH ,1,11/12/2020,2 Tahun - 9 Bulan - 2 Hari,8/16/2023,13.9,97,TIDAK
837,FAWWAS M TAISIR ,0,2/4/2020,3 Tahun - 6 Bulan - 8 Hari,8/14/2023,14.2,95.3,TIDAK
838,FAZA AULIA ,1,6/19/2022,1 Tahun - 2 Bulan - 0 Hari,8/20/2023,9.7,74,TIDAK
839,FAZA SYARIF  ,0,9/9/2019,3 Tahun - 11 Bulan - 6 Hari,8/16/2023,16,105,TIDAK
840,FAZILA SHAQUEENA TAUFIK ,1,5/28/2022,1 Tahun - 2 Bulan - 18 Hari,8/16/2023,10.1,75,TIDAK
841,FEBRIANUS BALA ,0,2/28/2020,1 Tahun - 11 Bulan - 9 Hari,2/7/2022,8.9,78.9,IYA
842,FEBRIANUS T. SURI ,0,2/9/2021,1 Tahun - 0 Bulan - 9 Hari,2/19/2022,7.6,69.7,IYA
843,FEBY NOVIANA A  ,1,11/15/2019,3 Tahun - 8 Bulan - 25 Hari,8/11/2023,14,95.5,TIDAK
844,feby ,1,7/4/2022,1 Tahun - 1 Bulan - 12 Hari,8/16/2023,9.5,71,TIDAK
845,FELICIA ,1,8/25/2019,3 Tahun - 11 Bulan - 21 Hari,8/16/2023,15.7,104,TIDAK
846,FELISA AGHNIA H ,1,5/6/2021,2 Tahun - 3 Bulan - 6 Hari,8/12/2023,10.7,87,TIDAK
847,Felisa Haninah ,1,2/2/2023,0 Tahun - 6 Bulan - 7 Hari,8/11/2023,5.9,65,TIDAK
848,FELISIA AIRIN BIKOLO ,1,8/8/2020,1 Tahun - 6 Bulan - 12 Hari,2/19/2022,7,72.9,IYA
849,FELIX NAITILI ,0,3/7/2019,2 Tahun - 11 Bulan - 14 Hari,2/19/2022,10.9,86.5,IYA
850,FELY ,1,9/9/2021,1 Tahun - 11 Bulan - 5 Hari,8/16/2023,10.8,85,TIDAK
851,FENDI PRATAMA ,0,10/2/2020,2 Tahun - 10 Bulan - 13 Hari,8/16/2023,14.5,95,TIDAK
852,FENDI ,0,5/18/2019,4 Tahun - 2 Bulan - 29 Hari,8/16/2023,13.6,101,TIDAK
853,FENDI ,0,11/27/2018,4 Tahun - 8 Bulan - 18 Hari,8/16/2023,14.2,103,TIDAK
854,FERDI DIAZ A ,0,10/2/2019,3 Tahun - 10 Bulan - 13 Hari,8/16/2023,15.2,106,TIDAK
855,FERRAN ARDIAZ FERENDRA RIYADI ,0,11/20/2022,0 Tahun - 8 Bulan - 16 Hari,8/7/2023,8.6,69,TIDAK
856,FIFI MUHATIM ,1,10/15/2018,4 Tahun - 9 Bulan - 29 Hari,8/14/2023,16.2,113,TIDAK
857,FIKA AZZAHRA ,1,2/18/2021,2 Tahun - 5 Bulan - 26 Hari,8/16/2023,14.2,91,TIDAK
858,FIKA NURFADILA ,1,1/9/2019,4 Tahun - 7 Bulan - 5 Hari,8/16/2023,15.5,109,TIDAK
859,fina ,1,2/10/2023,0 Tahun - 6 Bulan - 4 Hari,8/16/2023,6.5,62,TIDAK
860,FINO ,0,3/2/2020,3 Tahun - 5 Bulan - 14 Hari,8/16/2023,15.2,102,TIDAK
861,FIONA PRASETIA ,1,12/12/2021,1 Tahun - 7 Bulan - 21 Hari,8/4/2023,10,81,TIDAK
862,FIQI ,0,12/28/2018,4 Tahun - 7 Bulan - 17 Hari,8/16/2023,15.9,101,TIDAK
863,FIRA INDIRA HANIFA ,1,3/20/2023,0 Tahun - 4 Bulan - 27 Hari,8/16/2023,6.2,60,IYA
864,FIRA UMAIRA ,1,10/1/2018,4 Tahun - 10 Bulan - 9 Hari,8/11/2023,16.4,103.5,TIDAK
865,FIRA ,0,10/30/2021,1 Tahun - 9 Bulan - 15 Hari,8/16/2023,12.4,87,TIDAK
866,FIRDAUS ,0,7/14/2019,4 Tahun - 1 Bulan - 2 Hari,8/16/2023,15.6,104,TIDAK
867,firli ana marliyanti ,1,3/16/2020,3 Tahun - 4 Bulan - 17 Hari,8/3/2023,16,104,TIDAK
868,FIRMAN AL BAHTIAR ,0,2/3/2022,1 Tahun - 6 Bulan - 11 Hari,8/16/2023,10.7,78,TIDAK
869,FIRMAN ,0,12/10/2021,1 Tahun - 8 Bulan - 5 Hari,8/16/2023,12.1,85,TIDAK
870,FIRZINIA ,1,4/1/2019,4 Tahun - 4 Bulan - 15 Hari,8/16/2023,15.8,106,TIDAK
871,FITRAH ADIYAKSA ,0,4/21/2023,0 Tahun - 3 Bulan - 25 Hari,8/16/2023,5.5,60,TIDAK
872,FITRIA LAELATUL NI ,1,6/11/2019,4 Tahun - 1 Bulan - 23 Hari,8/4/2023,15,105,TIDAK
873,FIYA ,1,11/24/2020,2 Tahun - 8 Bulan - 21 Hari,8/16/2023,11,91,TIDAK
874,FIZI ,0,2/27/2019,4 Tahun - 5 Bulan - 17 Hari,8/16/2023,15,104.5,TIDAK
875,FLARIANUS TOLEU OMENU ,0,10/17/2019,2 Tahun - 3 Bulan - 25 Hari,2/10/2022,10.2,81.5,IYA
876,FORCIUS C. OELEU ,0,1/16/2019,3 Tahun - 0 Bulan - 29 Hari,2/14/2022,11.3,87.8,IYA
877,FRANSISCO Q. SONBAY ,0,12/28/2020,1 Tahun - 1 Bulan - 21 Hari,2/18/2022,7.5,72.1,IYA
878,FRANSISKO E. BRIA ,0,7/14/2017,4 Tahun - 7 Bulan - 1 Hari,2/14/2022,12.8,96.5,IYA
879,FRANSISKO E. SANIT ,0,7/10/2021,0 Tahun - 6 Bulan - 30 Hari,2/8/2022,5.9,62,IYA
880,FRANSISKUS A. AHOINNAI ,0,10/18/2017,4 Tahun - 4 Bulan - 1 Hari,2/18/2022,13.2,93.5,IYA
881,FRANSISKUS NAISOKO ,0,5/7/2021,0 Tahun - 9 Bulan - 13 Hari,2/18/2022,8.9,67.5,IYA
882,FRANSISKUS NONSEO ,0,8/30/2019,2 Tahun - 5 Bulan - 12 Hari,2/10/2022,9.5,82.4,IYA
883,FRANSISKUS SENGKOEN ,0,7/7/2019,2 Tahun - 7 Bulan - 11 Hari,2/16/2022,8.8,81.3,IYA
884,FRANSISKUS SENGKOEN ,0,11/27/2018,3 Tahun - 2 Bulan - 15 Hari,2/11/2022,11.7,88.2,IYA
885,FRANSISKUS TAHONI ,0,10/19/2018,3 Tahun - 3 Bulan - 23 Hari,2/11/2022,10.2,86.5,IYA
886,FRIDOALDUS AKOIT ,0,2/28/2020,1 Tahun - 11 Bulan - 18 Hari,2/16/2022,10.2,80,IYA
887,FUDI AMRULLAH ,0,9/25/2019,3 Tahun - 10 Bulan - 20 Hari,8/16/2023,14.4,105,TIDAK
888,GABRIEL A. SENGKOEN ,0,1/10/2018,4 Tahun - 1 Bulan - 8 Hari,2/18/2022,12.3,92.8,IYA
889,GABRIEL KONO ,0,3/11/2020,1 Tahun - 11 Bulan - 11 Hari,2/21/2022,8.9,79.8,IYA
890,GABY LAURA ,1,5/11/2020,3 Tahun - 3 Bulan - 4 Hari,8/16/2023,15.2,104,TIDAK
891,Gafi Fazzal Ilario ,0,6/5/2020,3 Tahun - 2 Bulan - 14 Hari,8/20/2023,14,101,TIDAK
892,GAISHAN ,0,3/20/2019,4 Tahun - 4 Bulan - 15 Hari,8/4/2023,16.2,108,TIDAK
893,GAISHAN ,0,3/20/2019,4 Tahun - 4 Bulan - 27 Hari,8/16/2023,16.9,107.6,TIDAK
894,GANESA METAN ,1,9/16/2019,2 Tahun - 4 Bulan - 23 Hari,2/8/2022,9,80.2,IYA
895,gavin harso ,0,8/16/2020,2 Tahun - 11 Bulan - 29 Hari,8/16/2023,12.7,96,TIDAK
896,GAVIN METBOKI ,0,6/15/2019,2 Tahun - 8 Bulan - 1 Hari,2/14/2022,10.5,83.6,IYA
897,GAZIELLA IZARA  ,1,4/27/2023,0 Tahun - 3 Bulan - 19 Hari,8/16/2023,6.4,63,TIDAK
898,GENDIS FITRIANI ,1,4/28/2023,0 Tahun - 3 Bulan - 18 Hari,8/16/2023,5.7,58,TIDAK
899,GERRIL SAVIEL ,0,2/18/2022,1 Tahun - 5 Bulan - 14 Hari,8/4/2023,11,82,TIDAK
900,GIA ,1,11/16/2019,3 Tahun - 8 Bulan - 29 Hari,8/16/2023,16,104.5,TIDAK
901,Giandra Sakti ,0,5/19/2023,0 Tahun - 2 Bulan - 23 Hari,8/11/2023,5.4,60,TIDAK
902,GIANO AKMAL ,0,1/13/2023,0 Tahun - 6 Bulan - 30 Hari,8/14/2023,7,65.5,TIDAK
903,GIASANI AFSAL R ,1,5/10/2019,4 Tahun - 3 Bulan - 6 Hari,8/16/2023,15.2,112,TIDAK
904,GIBRAN ALFARIZKI ,0,9/14/2021,1 Tahun - 10 Bulan - 27 Hari,8/12/2023,10.9,82,TIDAK
905,GIBRAN MAULANA ,0,8/2/2022,1 Tahun - 0 Bulan - 13 Hari,8/16/2023,9.3,74,TIDAK
906,GIBRAN NAUFAL RIZAL ,0,8/25/2023,0 Tahun - 0 Bulan - 0 Hari,8/25/2023,3.4,49,TIDAK
907,GIBRAN ,0,6/18/2022,1 Tahun - 1 Bulan - 28 Hari,8/16/2023,9.4,76,TIDAK
908,GIBRAN ,0,6/21/2021,2 Tahun - 2 Bulan - 0 Hari,8/22/2023,11.5,90,TIDAK
909,GIBRAN ,0,4/1/2021,2 Tahun - 4 Bulan - 14 Hari,8/16/2023,10.9,83,IYA
910,GIBRAN ,0,8/12/2019,4 Tahun - 0 Bulan - 4 Hari,8/16/2023,12.7,105,TIDAK
911,GILANG ,0,7/10/2021,2 Tahun - 1 Bulan - 6 Hari,8/16/2023,10.2,86,TIDAK
912,GILANG ,1,12/28/2020,2 Tahun - 7 Bulan - 17 Hari,8/16/2023,12.5,95,TIDAK
913,GILANG ,0,4/24/2019,4 Tahun - 3 Bulan - 22 Hari,8/16/2023,16.3,112,TIDAK
914,GINA ALTHAFUN NISA ,1,8/26/2018,4 Tahun - 11 Bulan - 20 Hari,8/16/2023,16.2,109,TIDAK
915,GINA AULIA S ,1,10/12/2019,3 Tahun - 10 Bulan - 3 Hari,8/16/2023,14.9,106,TIDAK
916,GINA ,1,1/1/2023,0 Tahun - 7 Bulan - 13 Hari,8/16/2023,7.4,68,TIDAK
917,GIO.ORNANDO.A ,0,1/2/2021,2 Tahun - 7 Bulan - 12 Hari,8/16/2023,11.5,90,TIDAK
918,GIORGINO BYAN A ,0,11/9/2022,0 Tahun - 9 Bulan - 6 Hari,8/16/2023,8,69.5,TIDAK
919,GIOVANI D ARSAKA ,0,2/16/2023,0 Tahun - 5 Bulan - 28 Hari,8/16/2023,6.6,65,TIDAK
920,gisel metboki ,1,9/21/2017,4 Tahun - 4 Bulan - 24 Hari,2/14/2022,11.9,93.5,IYA
921,GITA ,1,3/6/2020,3 Tahun - 5 Bulan - 10 Hari,8/16/2023,16,104.5,TIDAK
922,GITA ,1,10/2/2021,1 Tahun - 10 Bulan - 9 Hari,8/12/2023,11,81,TIDAK
923,GODFREY L.C.KOLO ,0,11/18/2018,3 Tahun - 2 Bulan - 22 Hari,2/9/2022,9.2,82.3,IYA
924,GOZI ,0,4/10/2020,3 Tahun - 4 Bulan - 5 Hari,8/16/2023,15.4,97,TIDAK
925,GOZI ,0,10/17/2018,4 Tahun - 9 Bulan - 29 Hari,8/16/2023,16.2,103,TIDAK
926,GREGORIUS NAISOKO ,0,3/13/2019,2 Tahun - 11 Bulan - 3 Hari,2/14/2022,8.2,79.1,IYA
927,GREGORIUS NEONNUB ,0,11/16/2018,3 Tahun - 2 Bulan - 24 Hari,2/9/2022,13.6,88.1,IYA
928,HABIB RAFAEYZA ,0,12/16/2022,0 Tahun - 7 Bulan - 29 Hari,8/16/2023,6.3,67,TIDAK
929,HABIBAH FITRA  ,1,6/18/2019,4 Tahun - 1 Bulan - 28 Hari,8/16/2023,15.8,106,TIDAK
930,HABIBAH ,1,3/4/2019,4 Tahun - 5 Bulan - 12 Hari,8/16/2023,14,104,TIDAK
931,HABIBAH ,1,3/4/2019,4 Tahun - 5 Bulan - 12 Hari,8/16/2023,15.7,104,TIDAK
932,HABIBAL QPLBI ,0,8/12/2018,5 Tahun - 0 Bulan - 3 Hari,8/16/2023,16.6,112,TIDAK
933,habibatus zakiyah ,1,3/5/2020,3 Tahun - 4 Bulan - 28 Hari,8/3/2023,14.7,104.5,TIDAK
934,HADZIKOH SALMA S  ,1,11/7/2018,4 Tahun - 9 Bulan - 6 Hari,8/14/2023,14.8,99,TIDAK
935,Hafidho Alfiatus Zahwa ,1,3/11/2022,1 Tahun - 5 Bulan - 0 Hari,8/11/2023,9.6,84.7,TIDAK
936,HAFIFAH ZAKIYAH ,1,7/30/2023,0 Tahun - 0 Bulan - 17 Hari,8/16/2023,4.1,53,TIDAK
937,HAFIS ,0,8/8/2018,4 Tahun - 11 Bulan - 26 Hari,8/4/2023,16.8,110.5,TIDAK
938,HAFISA SYAMSIYA R ,1,4/25/2022,1 Tahun - 3 Bulan - 21 Hari,8/16/2023,10.5,76,TIDAK
939,HAFIZ ATTARIQ ,0,6/27/2022,1 Tahun - 1 Bulan - 19 Hari,8/16/2023,10.5,74,TIDAK
940,hafiza ,1,2/16/2020,3 Tahun - 5 Bulan - 29 Hari,8/16/2023,17.3,102,TIDAK
941,HAFIZAH ,1,3/15/2020,3 Tahun - 5 Bulan - 1 Hari,8/16/2023,14.9,98,TIDAK
942,hafizo gania ,1,6/1/2021,2 Tahun - 2 Bulan - 14 Hari,8/16/2023,8.2,92,TIDAK
943,HAIDA ZAHRATUS S ,1,5/17/2020,3 Tahun - 2 Bulan - 29 Hari,8/16/2023,14.8,103,TIDAK
944,HAIDAR ALI AL M ,0,12/26/2018,4 Tahun - 7 Bulan - 19 Hari,8/16/2023,15.8,112,TIDAK
945,HAIDAR DANIYAH R ,0,2/18/2019,4 Tahun - 5 Bulan - 26 Hari,8/16/2023,15.8,108,TIDAK
946,Haidar Rafka ,0,4/30/2021,2 Tahun - 3 Bulan - 11 Hari,8/11/2023,13,90.2,TIDAK
947,HAIKAL AZRIL R ,0,5/2/2021,2 Tahun - 3 Bulan - 2 Hari,8/4/2023,12,87,TIDAK
948,HAIKAL RIZQI ,0,5/5/2019,4 Tahun - 3 Bulan - 1 Hari,8/6/2023,16.1,108,TIDAK
949,HAIKAL SUKARNO PRATAMA ,0,12/16/2019,3 Tahun - 7 Bulan - 21 Hari,8/7/2023,14.6,99,TIDAK
950,HAIKAL ,0,3/12/2019,4 Tahun - 5 Bulan - 4 Hari,8/16/2023,16.2,107,TIDAK
951,HAIKAL ,0,10/30/2018,4 Tahun - 9 Bulan - 4 Hari,8/4/2023,17,106,TIDAK
952,HALIMATUS SA ,1,12/13/2022,0 Tahun - 7 Bulan - 26 Hari,8/10/2023,8.4,65,TIDAK
953,HALIMATUS SA ,1,11/5/2021,1 Tahun - 9 Bulan - 3 Hari,8/10/2023,7.8,78,TIDAK
954,HALIMATUS SADIYAH ,0,7/21/2020,3 Tahun - 0 Bulan - 20 Hari,8/11/2023,12,89.5,TIDAK
955,Halimatus sakdiyah ,1,9/16/2018,4 Tahun - 10 Bulan - 16 Hari,8/3/2023,16.8,113,TIDAK
956,HALIMATUS SAKIYAH ,1,5/23/2023,0 Tahun - 2 Bulan - 12 Hari,8/4/2023,4.6,56,TIDAK
957,HAMDAN  ,0,5/6/2020,3 Tahun - 3 Bulan - 7 Hari,8/14/2023,14,93.7,TIDAK
958,HAMDAN ,0,5/21/2019,4 Tahun - 2 Bulan - 26 Hari,8/16/2023,16.6,104.5,TIDAK
959,HAMZAH ,0,7/31/2019,4 Tahun - 0 Bulan - 16 Hari,8/16/2023,13.7,97,TIDAK
960,HANA ,1,5/11/2022,1 Tahun - 3 Bulan - 5 Hari,8/16/2023,10.4,80,TIDAK
961,HANIF ,0,4/29/2020,3 Tahun - 3 Bulan - 22 Hari,8/22/2023,14.8,102,TIDAK
962,HANIN DALILATUL I ,1,9/5/2022,0 Tahun - 11 Bulan - 10 Hari,8/16/2023,8.9,70,TIDAK
963,hanin ,1,11/18/2020,2 Tahun - 8 Bulan - 27 Hari,8/16/2023,13.6,96,TIDAK
964,HANNA IZZATIN NISA ,1,4/29/2019,4 Tahun - 3 Bulan - 17 Hari,8/16/2023,15.9,108,TIDAK
965,HANUNATUN NAFI ,1,6/9/2023,0 Tahun - 1 Bulan - 24 Hari,8/3/2023,4,55,TIDAK
966,HARIS ,0,11/7/2020,2 Tahun - 8 Bulan - 26 Hari,8/4/2023,13.9,94,TIDAK
967,HARIZA ESHAL ,1,7/14/2021,2 Tahun - 1 Bulan - 2 Hari,8/16/2023,10.7,87,TIDAK
968,HASANATUN DARIYAH ,1,1/21/2021,2 Tahun - 6 Bulan - 10 Hari,8/3/2023,13,100,TIDAK
969,HASANIA NUR SALAMI ,1,4/7/2021,2 Tahun - 3 Bulan - 26 Hari,8/3/2023,10.9,84,TIDAK
970,HASANIAH NURSYABANI ,1,4/7/2021,2 Tahun - 3 Bulan - 26 Hari,8/3/2023,12,89,TIDAK
971,HASBY ,0,2/28/2019,4 Tahun - 5 Bulan - 16 Hari,8/16/2023,16.2,113,TIDAK
972,Hazel  ,0,6/27/2019,4 Tahun - 1 Bulan - 14 Hari,8/11/2023,17.2,107,TIDAK
973,Hazel ,0,6/13/2019,4 Tahun - 2 Bulan - 3 Hari,8/16/2023,14.5,106,TIDAK
974,HELMI YANSYAH ARYA ,0,11/5/2021,1 Tahun - 9 Bulan - 9 Hari,8/16/2023,11.9,84,TIDAK
975,HENGKI AHOINAI ,0,5/9/2017,4 Tahun - 9 Bulan - 8 Hari,2/15/2022,14,97.4,IYA
976,HIKMATUL H  ,1,11/4/2018,4 Tahun - 9 Bulan - 5 Hari,8/10/2023,12.3,99,TIDAK
977,HIKMATUL HASANAH  ,1,11/26/2020,2 Tahun - 8 Bulan - 14 Hari,8/11/2023,9.9,86,TIDAK
978,hikmatul hasanah ,1,3/10/2020,3 Tahun - 4 Bulan - 23 Hari,8/3/2023,14.8,103,TIDAK
979,hikmatul hasanah ,1,3/10/2020,3 Tahun - 4 Bulan - 23 Hari,8/3/2023,15,98,TIDAK
980,Hilario A. Fautnine ,0,1/13/2018,4 Tahun - 1 Bulan - 3 Hari,2/16/2022,12.1,93.8,IYA
981,HILMI ,0,6/1/2020,3 Tahun - 2 Bulan - 14 Hari,8/16/2023,11.6,97,TIDAK
982,Himami ,1,9/15/2020,2 Tahun - 10 Bulan - 30 Hari,8/16/2023,12.4,91,TIDAK
983,HISAM KAILANI ,0,11/8/2022,0 Tahun - 9 Bulan - 7 Hari,8/16/2023,7.9,67,IYA
984,HUBBU AMALIAH ,1,1/27/2022,1 Tahun - 6 Bulan - 18 Hari,8/16/2023,10.6,81,TIDAK
985,HUBERTUS J. USFINIT ,0,6/6/2021,0 Tahun - 8 Bulan - 10 Hari,2/15/2022,5.9,63.7,IYA
986,HUMAIRA ANINDYA Z ,1,7/1/2022,1 Tahun - 1 Bulan - 15 Hari,8/16/2023,9.6,75,TIDAK
987,HUMAIRA NASILA TUS ZAHRA ,1,7/18/2021,2 Tahun - 0 Bulan - 16 Hari,8/4/2023,11,85,TIDAK
988,HUMAIRA SYAKILA  ,1,4/2/2020,3 Tahun - 4 Bulan - 13 Hari,8/16/2023,15.7,101,TIDAK
989,HUSEN S ,0,8/13/2019,3 Tahun - 11 Bulan - 23 Hari,8/6/2023,16.2,109,TIDAK
990,HUSNUL KHOTIMAH ,1,9/14/2020,2 Tahun - 11 Bulan - 0 Hari,8/16/2023,14.8,96,TIDAK
991,IBNU KAHFI ALDIANSYAH ,0,6/17/2020,3 Tahun - 1 Bulan - 24 Hari,8/12/2023,16.7,102,TIDAK
992,IBRAHIM  ,0,6/14/2021,2 Tahun - 1 Bulan - 27 Hari,8/11/2023,10.6,82.5,TIDAK
993,ICA ,1,9/17/2022,0 Tahun - 10 Bulan - 28 Hari,8/16/2023,9.2,74,TIDAK
994,IFAN ,1,2/14/2021,2 Tahun - 5 Bulan - 30 Hari,8/16/2023,10,89,TIDAK
995,IFRO NIKAILA ,1,12/3/2022,0 Tahun - 8 Bulan - 12 Hari,8/16/2023,8.1,70,TIDAK
996,IFTINA ADIBA ,1,3/3/2019,4 Tahun - 5 Bulan - 4 Hari,8/7/2023,15.3,103,TIDAK
997,IFTITAH HIKMAWATI ,0,8/6/2022,0 Tahun - 11 Bulan - 28 Hari,8/4/2023,10,75,TIDAK
998,ikhsan ,0,5/24/2021,2 Tahun - 2 Bulan - 22 Hari,8/16/2023,12.3,92,TIDAK
999,ILHAM ERLANGGA ,0,10/28/2021,1 Tahun - 9 Bulan - 17 Hari,8/16/2023,11.6,82,TIDAK
1000,ILYA ,1,10/20/2022,0 Tahun - 10 Bulan - 1 Hari,8/22/2023,8,68,TIDAK
1001,ILYAS YUSUF ,0,2/3/2023,0 Tahun - 6 Bulan - 11 Hari,8/16/2023,7.1,65,TIDAK
1002,Ilyas Zakaria ,0,11/29/2019,3 Tahun - 8 Bulan - 10 Hari,8/10/2023,13.5,95,TIDAK
1003,ILZAM ,0,5/13/2020,3 Tahun - 3 Bulan - 2 Hari,8/16/2023,14.2,95,TIDAK
1004,IMAM AHMAD ,0,9/4/2019,3 Tahun - 11 Bulan - 11 Hari,8/16/2023,17.8,113,TIDAK
1005,IMAM WAHYUDI ,0,1/18/2020,3 Tahun - 6 Bulan - 27 Hari,8/16/2023,12.7,97,TIDAK
1006,IMAMAH ,1,7/4/2020,3 Tahun - 1 Bulan - 11 Hari,8/16/2023,15.4,99,TIDAK
1007,IMROATUS SOLEHA AL IRFANI ,1,5/15/2020,3 Tahun - 2 Bulan - 26 Hari,8/11/2023,11.8,89.5,TIDAK
1008,INAMUL WAFI INAYATULLAH ,0,5/27/2019,4 Tahun - 2 Bulan - 18 Hari,8/14/2023,14.3,100.3,TIDAK
1009,Inara Humairoh ,1,4/18/2022,1 Tahun - 3 Bulan - 28 Hari,8/16/2023,9,74,TIDAK
1010,inara ,1,9/16/2020,2 Tahun - 10 Bulan - 29 Hari,8/16/2023,13.5,96,TIDAK
1011,inara ,1,5/28/2021,2 Tahun - 2 Bulan - 18 Hari,8/16/2023,12.4,93,TIDAK
1012,INARA ,1,8/21/2021,1 Tahun - 11 Bulan - 12 Hari,8/4/2023,10.5,83,TIDAK
1013,INARA ,1,8/21/2021,1 Tahun - 11 Bulan - 24 Hari,8/16/2023,10.1,79,IYA
1014,INAYATUL AZIZAH ,1,3/25/2019,4 Tahun - 4 Bulan - 22 Hari,8/16/2023,16.7,108,TIDAK
1015,INDAH ELMA DIANA ,1,12/3/2021,1 Tahun - 8 Bulan - 12 Hari,8/16/2023,8.6,81,TIDAK
1016,INDAH NAZULFA ,1,7/30/2023,0 Tahun - 0 Bulan - 4 Hari,8/3/2023,3.4,50,TIDAK
1017,INDAH ,1,2/23/2019,4 Tahun - 5 Bulan - 16 Hari,8/11/2023,15.2,101,TIDAK
1018,INTAN K ,1,9/14/2018,4 Tahun - 10 Bulan - 26 Hari,8/11/2023,15.2,106,TIDAK
1019,INTAN NURAINI ,1,12/7/2020,2 Tahun - 7 Bulan - 29 Hari,8/7/2023,11.8,91,TIDAK
1020,INTAN PUJI L ,1,10/4/2018,4 Tahun - 10 Bulan - 11 Hari,8/16/2023,16.2,108,TIDAK
1021,INTAN ,1,9/9/2020,2 Tahun - 11 Bulan - 5 Hari,8/16/2023,13.7,98,TIDAK
1022,INTAN ,1,5/30/2020,3 Tahun - 2 Bulan - 20 Hari,8/20/2023,16,105,TIDAK
1023,Intan ,1,11/20/2019,3 Tahun - 8 Bulan - 25 Hari,8/16/2023,13,103,TIDAK
1024,IQBAL ,0,11/26/2019,3 Tahun - 8 Bulan - 19 Hari,8/16/2023,14.8,99,TIDAK
1025,IRDIANA SOFIA  ,1,4/12/2020,3 Tahun - 3 Bulan - 28 Hari,8/11/2023,13.7,94,TIDAK
1026,IREN FAIZA RABBANI ,1,8/1/2021,2 Tahun - 0 Bulan - 2 Hari,8/4/2023,11.7,85,TIDAK
1027,IRENE QAYLA ,1,11/13/2019,3 Tahun - 9 Bulan - 6 Hari,8/20/2023,15,102,TIDAK
1028,IRFAN  ,0,4/21/2022,1 Tahun - 3 Bulan - 23 Hari,8/14/2023,10.2,75,TIDAK
1029,IRFAN ,0,8/8/2021,2 Tahun - 0 Bulan - 7 Hari,8/16/2023,10.8,87,TIDAK
1030,IRHAM ,0,12/20/2020,2 Tahun - 7 Bulan - 25 Hari,8/16/2023,12.9,91,TIDAK
1031,IRSALINA KAMELIA ,1,5/26/2021,2 Tahun - 2 Bulan - 20 Hari,8/16/2023,12.9,89,TIDAK
1032,IRUL ,0,12/9/2022,0 Tahun - 8 Bulan - 12 Hari,8/22/2023,8,68,TIDAK
1033,IRZA ,0,11/10/2021,1 Tahun - 9 Bulan - 10 Hari,8/22/2023,10.9,87,TIDAK
1034,ISFINA NAJMA ZAHRA ,1,3/27/2020,3 Tahun - 4 Bulan - 6 Hari,8/3/2023,15,103,TIDAK
1035,ISQIN NASIKAH ,1,4/6/2022,1 Tahun - 4 Bulan - 10 Hari,8/16/2023,8.8,81,TIDAK
1036,ISYINA UNZYZAH ,1,10/9/2021,1 Tahun - 9 Bulan - 23 Hari,8/3/2023,11,84,TIDAK
1037,ITTAQILLAH QUNTUM ,1,4/27/2019,4 Tahun - 3 Bulan - 14 Hari,8/11/2023,13.8,96,TIDAK
1038,IVAN ,0,2/14/2021,2 Tahun - 6 Bulan - 5 Hari,8/22/2023,10.8,94,TIDAK
1039,IZZA FITRIA  ,1,7/13/2020,3 Tahun - 1 Bulan - 0 Hari,8/14/2023,12.2,89,TIDAK
1040,izza malika bilqis ,1,11/11/2020,2 Tahun - 8 Bulan - 21 Hari,8/3/2023,13.7,92,TIDAK
1041,IZZATUL MALIKA B ,1,10/24/2022,0 Tahun - 9 Bulan - 22 Hari,8/16/2023,8.3,71,TIDAK
1042,JAFAR ALFARISI ,0,12/6/2020,2 Tahun - 8 Bulan - 9 Hari,8/16/2023,14.2,92,TIDAK
1043,JANNATAAN IBNI QOSIM ,0,4/26/2021,2 Tahun - 3 Bulan - 16 Hari,8/12/2023,11.6,85,TIDAK
1044,JANNATI NASIFA ,1,1/23/2021,2 Tahun - 6 Bulan - 21 Hari,8/16/2023,14.2,93,TIDAK
1045,JANSEN NAIOBE ,0,1/28/2021,1 Tahun - 0 Bulan - 10 Hari,2/8/2022,7.4,69.5,IYA
1046,JANUARIO K. BONA ,0,1/10/2019,3 Tahun - 1 Bulan - 9 Hari,2/19/2022,10.4,86.8,IYA
1047,JANUARIUS AHOINAI ,0,6/30/2019,2 Tahun - 7 Bulan - 14 Hari,2/12/2022,10.1,84.5,IYA
1048,JANUARIUS METBOKI ,0,1/10/2019,3 Tahun - 1 Bulan - 9 Hari,2/19/2022,12,87.9,IYA
1049,JASON N. TNAAUNI ,0,1/25/2021,1 Tahun - 0 Bulan - 14 Hari,2/9/2022,6.8,69.1,IYA
1050,JAZILATUL UMAROH ,1,2/18/2019,4 Tahun - 5 Bulan - 26 Hari,8/16/2023,16.4,107,TIDAK
1051,JENELIN A. NAITILI ,1,7/11/2019,2 Tahun - 7 Bulan - 10 Hari,2/19/2022,9.2,81,IYA
1052,Jenia Una ,1,6/11/2018,3 Tahun - 7 Bulan - 30 Hari,2/9/2022,10.9,90,IYA
1053,JERICKO A. LAKAMNASI ,0,8/25/2020,1 Tahun - 5 Bulan - 21 Hari,2/15/2022,9.7,75.6,IYA
1054,JERIO D. NAITILI ,0,10/15/2018,3 Tahun - 3 Bulan - 25 Hari,2/9/2022,11.2,89.9,IYA
1055,Jesica salsa ,1,2/12/2020,3 Tahun - 6 Bulan - 2 Hari,8/16/2023,10.2,100,TIDAK
1056,Jesica ,1,9/3/2019,3 Tahun - 11 Bulan - 7 Hari,8/11/2023,13.1,95.6,TIDAK
1057,JEVIN G. OMENU ,0,1/16/2021,1 Tahun - 0 Bulan - 24 Hari,2/10/2022,7.8,70.4,IYA
1058,Jihan Air Syakila ,1,3/29/2021,2 Tahun - 4 Bulan - 17 Hari,8/16/2023,8.4,86,TIDAK
1059,JIHAN FITANITA ,1,6/6/2019,4 Tahun - 2 Bulan - 14 Hari,8/20/2023,17.4,105,TIDAK
1060,Jihan Laiiatul Q. ,1,5/8/2021,2 Tahun - 3 Bulan - 8 Hari,8/16/2023,11.8,85,TIDAK
1061,JIHAN MAKAILA F ,1,3/5/2022,1 Tahun - 5 Bulan - 11 Hari,8/16/2023,10.5,78,TIDAK
1062,JIHAN NUR FADILAH ,1,1/10/2023,0 Tahun - 7 Bulan - 4 Hari,8/16/2023,8.1,65,TIDAK
1063,JIHAN ,1,1/26/2022,1 Tahun - 6 Bulan - 19 Hari,8/16/2023,10,77,TIDAK
1064,JIHAN ,1,5/23/2022,1 Tahun - 2 Bulan - 19 Hari,8/12/2023,10.6,81,TIDAK
1065,JINARIA NAIHELI ,1,1/9/2019,3 Tahun - 1 Bulan - 6 Hari,2/15/2022,9,79.2,IYA
1066,JODY RESKY NONSEO ,0,6/1/2021,0 Tahun - 8 Bulan - 10 Hari,2/10/2022,6.2,65.3,IYA
1067,jori y. siki ,0,6/25/2017,4 Tahun - 7 Bulan - 20 Hari,2/14/2022,14.1,97.1,IYA
1068,JOSUANDREA R EKO ,0,7/3/2019,2 Tahun - 7 Bulan - 15 Hari,2/16/2022,9.4,84,IYA
1069,JUAN AZRIL ARKA ,0,6/15/2019,4 Tahun - 2 Bulan - 1 Hari,8/16/2023,15.8,104,TIDAK
1070,JUAN F. NAIHELI ,0,6/15/2019,2 Tahun - 8 Bulan - 2 Hari,2/15/2022,11.4,83.5,IYA
1071,JUANRI OELEU ,0,6/5/2019,2 Tahun - 8 Bulan - 13 Hari,2/16/2022,10.5,85.2,IYA
1072,JULIANDRO FAUTNINE ,0,7/14/2020,1 Tahun - 7 Bulan - 3 Hari,2/16/2022,8.6,76.8,IYA
1073,JULIANTI TAONE ,1,7/6/2019,2 Tahun - 7 Bulan - 3 Hari,2/7/2022,10.4,78.1,IYA
1074,JUNIAR PUTRI BRILIANA2 ,1,6/12/2022,1 Tahun - 1 Bulan - 30 Hari,8/12/2023,9.5,75,TIDAK
1075,JUWITA NAITILI ,1,7/29/2019,2 Tahun - 6 Bulan - 20 Hari,2/17/2022,9.8,83,IYA
1076,JUWITA SAFIRA ,1,7/8/2019,2 Tahun - 7 Bulan - 1 Hari,2/7/2022,9.2,82.2,IYA
1077,KABAR ,0,10/15/2020,2 Tahun - 10 Bulan - 0 Hari,8/16/2023,15,99,TIDAK
1078,Kaila  ,1,12/7/2019,3 Tahun - 8 Bulan - 8 Hari,8/16/2023,15.4,104,TIDAK
1079,KAILA JANNAH ,1,7/23/2021,2 Tahun - 0 Bulan - 11 Hari,8/4/2023,12,89,TIDAK
1080,KAILA SERLY S ,1,12/24/2018,4 Tahun - 7 Bulan - 16 Hari,8/11/2023,14.4,105.5,TIDAK
1081,KAILA ,1,5/13/2022,1 Tahun - 3 Bulan - 3 Hari,8/16/2023,9.8,76,TIDAK
1082,kaira amanda ,1,7/1/2022,1 Tahun - 1 Bulan - 15 Hari,8/16/2023,9.4,75,TIDAK
1083,KAIRA FAUTNINE ,1,8/15/2019,2 Tahun - 6 Bulan - 0 Hari,2/14/2022,8.1,81,IYA
1084,KAIRA FAYOLA BOLQIS ,1,2/19/2020,3 Tahun - 5 Bulan - 14 Hari,8/4/2023,14.5,106,TIDAK
1085,KALISTA BALQIS M ,1,5/31/2020,3 Tahun - 2 Bulan - 15 Hari,8/16/2023,14.8,100,TIDAK
1086,Kalita ,1,5/14/2019,4 Tahun - 2 Bulan - 28 Hari,8/11/2023,14.9,98.7,TIDAK
1087,KAMELIA AZZAHRA ,1,1/13/2020,3 Tahun - 7 Bulan - 2 Hari,8/16/2023,12.5,98,TIDAK
1088,Kamila  ,1,1/27/2019,4 Tahun - 6 Bulan - 18 Hari,8/16/2023,14.7,104,TIDAK
1089,KANAYA ,1,11/13/2018,4 Tahun - 9 Bulan - 2 Hari,8/16/2023,17.9,111,TIDAK
1090,KANAYA ,1,11/13/2018,4 Tahun - 9 Bulan - 2 Hari,8/16/2023,13.5,96,IYA
1091,KANESYA ZIKRA ,1,12/13/2021,1 Tahun - 8 Bulan - 2 Hari,8/16/2023,11.5,84,TIDAK
1092,KANZA ,1,12/4/2022,0 Tahun - 8 Bulan - 11 Hari,8/16/2023,7.8,68,TIDAK
1093,KANZA ,1,3/29/2020,3 Tahun - 4 Bulan - 17 Hari,8/16/2023,12.7,95,TIDAK
1094,KANZUL HAKIM ,0,11/3/2018,4 Tahun - 9 Bulan - 7 Hari,8/11/2023,20.8,109,TIDAK
1095,Karin ,1,8/16/2020,2 Tahun - 11 Bulan - 29 Hari,8/16/2023,12.6,98,TIDAK
1096,KARINA AZAHRA W ,1,7/25/2019,4 Tahun - 0 Bulan - 18 Hari,8/12/2023,14,103,TIDAK
1097,KARINA ,1,1/31/2022,1 Tahun - 6 Bulan - 14 Hari,8/16/2023,10,78,TIDAK
1098,KATARINA OELEU ,1,12/10/2018,3 Tahun - 2 Bulan - 8 Hari,2/17/2022,11.5,87.7,IYA
1099,kayfa ,1,3/30/2020,3 Tahun - 4 Bulan - 16 Hari,8/16/2023,16,103,TIDAK
1100,KAYLA FEZA FERNANDA ,1,12/1/2022,0 Tahun - 8 Bulan - 12 Hari,8/14/2023,5.8,65,TIDAK
1101,KAYLA R. TNAAAUNI ,1,12/7/2019,2 Tahun - 2 Bulan - 4 Hari,2/10/2022,9.3,79.3,IYA
1102,KAYLA ZARA NADYA ALMIRA ,1,6/28/2022,1 Tahun - 1 Bulan - 14 Hari,8/12/2023,9,73,TIDAK
1103,KAYLA ,0,9/28/2020,2 Tahun - 10 Bulan - 12 Hari,8/11/2023,11.6,89,TIDAK
1104,KAYLA ,1,11/15/2019,3 Tahun - 9 Bulan - 4 Hari,8/20/2023,15.6,105,TIDAK
1105,KEISARO J BANO ,0,11/7/2019,2 Tahun - 3 Bulan - 3 Hari,2/9/2022,9.1,81.1,IYA
1106,KENZI ,1,10/1/2018,4 Tahun - 10 Bulan - 14 Hari,8/16/2023,16.6,107.6,TIDAK
1107,kenzie ,0,6/27/2021,2 Tahun - 1 Bulan - 19 Hari,8/16/2023,11.1,93,TIDAK
1108,KENZO ,0,7/11/2022,1 Tahun - 1 Bulan - 11 Hari,8/22/2023,10.4,78,TIDAK
1109,KENZY ,1,2/26/2020,3 Tahun - 5 Bulan - 19 Hari,8/16/2023,13.7,93,TIDAK
1110,KEVIN KAU ,0,8/1/2019,2 Tahun - 6 Bulan - 19 Hari,2/19/2022,9.7,81.2,IYA
1111,keysha ,1,12/24/2022,0 Tahun - 7 Bulan - 21 Hari,8/16/2023,7.2,64,TIDAK
1112,KHAFA ATNARAZKA ,0,5/11/2023,0 Tahun - 3 Bulan - 5 Hari,8/16/2023,5.2,58,TIDAK
1113,KHAIRA ,0,10/22/2021,1 Tahun - 9 Bulan - 23 Hari,8/16/2023,12,87,TIDAK
1114,KHALISA NUHA SALWA PUTRI ,1,9/6/2021,1 Tahun - 10 Bulan - 30 Hari,8/7/2023,8.9,80,TIDAK
1115,KHALIZA AIZA ,1,8/22/2021,1 Tahun - 11 Bulan - 10 Hari,8/3/2023,11.8,87,TIDAK
1116,KHANZA ILMIA  ,1,9/26/2020,2 Tahun - 10 Bulan - 19 Hari,8/16/2023,14.2,96,TIDAK
1117,KHANZA ,1,6/27/2019,4 Tahun - 1 Bulan - 7 Hari,8/4/2023,16,107,TIDAK
1118,KHASNA FITRONI KAINA ,1,4/24/2023,0 Tahun - 3 Bulan - 13 Hari,8/7/2023,6.7,61,TIDAK
1119,Khofifah Maulidil ,1,11/19/2020,2 Tahun - 8 Bulan - 21 Hari,8/11/2023,11.7,88.7,TIDAK
1120,KHOIRI HAFIDS ,0,3/8/2021,2 Tahun - 4 Bulan - 26 Hari,8/4/2023,12.7,91,TIDAK
1121,KHOIROTUN NAFISA ,1,1/26/2021,2 Tahun - 6 Bulan - 18 Hari,8/16/2023,12.7,87,TIDAK
1122,KHUSNUL KHOTIMAH ,1,4/16/2021,2 Tahun - 3 Bulan - 21 Hari,8/7/2023,10.2,84.5,TIDAK
1123,KHUSNUL KHOTIMAH ,1,10/17/2018,4 Tahun - 9 Bulan - 23 Hari,8/10/2023,19.4,107,TIDAK
1124,KHUSNUL KHOTIMAH ,1,12/5/2020,2 Tahun - 8 Bulan - 10 Hari,8/16/2023,14.6,97,TIDAK
1125,KIARA DWI Z ,1,12/1/2020,2 Tahun - 8 Bulan - 14 Hari,8/16/2023,13.3,89,TIDAK
1126,KINAN ,1,7/6/2023,0 Tahun - 1 Bulan - 10 Hari,8/16/2023,4.1,53,TIDAK
1127,KINZA  ,0,12/3/2020,2 Tahun - 8 Bulan - 7 Hari,8/11/2023,10.2,86.5,TIDAK
1128,KIRANA AULIA ,1,2/13/2019,4 Tahun - 6 Bulan - 1 Hari,8/16/2023,15.7,108,TIDAK
1129,KIRANA HUMAIROH AZZAHRA ,1,12/15/2020,2 Tahun - 7 Bulan - 26 Hari,8/12/2023,11.6,93,TIDAK
1130,KLAUDIA A. METBOKI ,1,8/10/2020,1 Tahun - 6 Bulan - 8 Hari,2/17/2022,9.4,73.8,IYA
1131,KODIE ,0,4/1/2019,4 Tahun - 4 Bulan - 15 Hari,8/16/2023,15.6,104,TIDAK
1132,Konita mahmuda ,1,1/11/2019,4 Tahun - 7 Bulan - 3 Hari,8/16/2023,14.6,102,TIDAK
1133,Kornelia Pule ,1,3/1/2018,3 Tahun - 11 Bulan - 10 Hari,2/9/2022,13,91.8,IYA
1134,krisantus naitili ,0,7/12/2017,4 Tahun - 6 Bulan - 28 Hari,2/8/2022,12,95.7,IYA
1135,KRISOGUS AKOIT ,0,11/4/2017,4 Tahun - 3 Bulan - 12 Hari,2/16/2022,13.2,94,IYA
1136,KRISTIAN J. NAIAKI ,0,7/28/2017,4 Tahun - 6 Bulan - 11 Hari,2/7/2022,14.2,89.8,IYA
1137,KRISTIAN R. FUNAN ,0,4/28/2017,4 Tahun - 9 Bulan - 11 Hari,2/7/2022,14.3,97.4,IYA
1138,KRISTIANO R. TNOMAT ,0,3/31/2019,2 Tahun - 10 Bulan - 16 Hari,2/14/2022,10.4,81.9,IYA
1139,KRISTINA MANUNI ,1,12/27/2019,2 Tahun - 1 Bulan - 27 Hari,2/22/2022,9.5,79.2,IYA
1140,KRISTINA NAIOBE ,1,9/3/2017,4 Tahun - 5 Bulan - 18 Hari,2/21/2022,11.1,88.8,IYA
1141,KUTBIL A ,1,10/5/2019,3 Tahun - 9 Bulan - 29 Hari,8/4/2023,15,107,TIDAK
1142,LABIB MUSTOFA ,0,12/31/2019,3 Tahun - 7 Bulan - 15 Hari,8/16/2023,15.8,103,TIDAK
1143,labiba khanza ,1,7/25/2020,3 Tahun - 0 Bulan - 21 Hari,8/16/2023,15,101,TIDAK
1144,LABIBA TALITA ZAKIYA  ,1,4/18/2023,0 Tahun - 3 Bulan - 28 Hari,8/16/2023,5.4,57,IYA
1145,LAILATUL NUHA ZAHIRA  ,1,5/12/2020,3 Tahun - 3 Bulan - 1 Hari,8/14/2023,12.3,89.3,TIDAK
1146,LAILATUL QOMARIA ,1,6/23/2022,1 Tahun - 1 Bulan - 23 Hari,8/16/2023,9.9,75,TIDAK
1147,Lailatul zahiro ,1,5/3/2021,2 Tahun - 3 Bulan - 13 Hari,8/16/2023,7.9,80,IYA
1148,LALILA NAJMA ,1,9/2/2019,3 Tahun - 11 Bulan - 13 Hari,8/16/2023,16.6,109,TIDAK
1149,latfia syafiatun nisa ,1,2/8/2021,2 Tahun - 5 Bulan - 26 Hari,8/6/2023,13,91,TIDAK
1150,LAURA NAITILI ,1,9/15/2021,0 Tahun - 5 Bulan - 9 Hari,2/24/2022,3.1,52,IYA
1151,leni oktavia ,0,10/1/2018,4 Tahun - 10 Bulan - 1 Hari,8/3/2023,15.8,109,TIDAK
1152,LEONA LUTI ,1,6/18/2018,3 Tahun - 7 Bulan - 28 Hari,2/14/2022,11.3,90.9,IYA
1153,LEONARDO HANOOE ,0,2/21/2019,2 Tahun - 11 Bulan - 24 Hari,2/15/2022,11.6,86.4,IYA
1154,LEONARDUS LEO TANA ,0,6/23/2020,1 Tahun - 7 Bulan - 29 Hari,2/21/2022,9.2,76,IYA
1155,LEONARDUS TAFIN ,0,7/26/2018,3 Tahun - 6 Bulan - 27 Hari,2/21/2022,13.4,91.4,IYA
1156,LILO ,0,3/30/2021,2 Tahun - 4 Bulan - 16 Hari,8/16/2023,13.2,94,TIDAK
1157,lina zea ,1,8/10/2022,1 Tahun - 0 Bulan - 5 Hari,8/16/2023,8.5,71,TIDAK
1158,LINDIA ,1,10/11/2020,2 Tahun - 10 Bulan - 4 Hari,8/16/2023,14.4,95,TIDAK
1159,LINTANG RAMADHANI  ,1,4/18/2022,1 Tahun - 3 Bulan - 28 Hari,8/16/2023,10,77,TIDAK
1160,Livia ,1,4/14/2019,4 Tahun - 3 Bulan - 27 Hari,8/11/2023,16.5,104,TIDAK
1161,LOIZA SATE ,1,3/15/2019,2 Tahun - 10 Bulan - 25 Hari,2/7/2022,9.8,84,IYA
1162,LOUIS APRILIO NEONNUB ,0,4/28/2019,2 Tahun - 9 Bulan - 13 Hari,2/9/2022,10.8,86.2,IYA
1163,LUCITA O. TNOMAT ,1,9/26/2018,3 Tahun - 4 Bulan - 19 Hari,2/14/2022,11.4,88.5,IYA
1164,Lukman hakim ,0,2/4/2019,4 Tahun - 6 Bulan - 10 Hari,8/16/2023,14.9,110,TIDAK
1165,LUKMAN NUR HAKIM ,0,5/16/2021,2 Tahun - 3 Bulan - 0 Hari,8/16/2023,9.8,87,TIDAK
1166,luluk mukaromah ,1,12/28/2019,3 Tahun - 7 Bulan - 16 Hari,8/14/2023,12.8,93.4,TIDAK
1167,luluk mukaromah ,1,12/28/2019,3 Tahun - 7 Bulan - 5 Hari,8/3/2023,15.6,103,TIDAK
1168,LUNA ,1,2/23/2022,1 Tahun - 5 Bulan - 21 Hari,8/16/2023,10.4,82,TIDAK
1169,lusia v. muma ,1,12/12/2018,3 Tahun - 1 Bulan - 27 Hari,2/8/2022,9,81.9,IYA
1170,LUSIANI ,1,10/12/2019,3 Tahun - 10 Bulan - 3 Hari,8/16/2023,15.7,111,TIDAK
1171,M . HAFIZAN ,0,8/15/2020,2 Tahun - 11 Bulan - 26 Hari,8/12/2023,13.8,97,TIDAK
1172,M ABBAS ,0,3/7/2019,4 Tahun - 5 Bulan - 9 Hari,8/16/2023,15.7,106,TIDAK
1173,M ABIL GIBRAN ,0,6/1/2021,2 Tahun - 2 Bulan - 14 Hari,8/16/2023,12.9,93,TIDAK
1174,M ABIL ,0,8/12/2021,2 Tahun - 0 Bulan - 9 Hari,8/22/2023,11.7,87,TIDAK
1175,M AFFAH HASIM ,0,2/8/2021,2 Tahun - 5 Bulan - 23 Hari,8/3/2023,13,91,TIDAK
1176,M AFFAN ROZAK ,0,12/4/2018,4 Tahun - 8 Bulan - 11 Hari,8/16/2023,16.5,112,TIDAK
1177,M AFZAL ATTALLAH ,0,12/5/2022,0 Tahun - 8 Bulan - 4 Hari,8/10/2023,9,72,TIDAK
1178,M AGRATAL  ,0,11/26/2018,4 Tahun - 8 Bulan - 19 Hari,8/16/2023,16,109,TIDAK
1179,M AKBAR DAFA ,0,4/15/2020,3 Tahun - 3 Bulan - 28 Hari,8/14/2023,13.5,91,TIDAK
1180,M ALAN ,0,4/9/2020,3 Tahun - 4 Bulan - 6 Hari,8/16/2023,14.8,103,TIDAK
1181,M ALBY SYARIFUDIN ,0,2/11/2022,1 Tahun - 6 Bulan - 3 Hari,8/16/2023,10.2,83,TIDAK
1182,M ALDI ALFIAN ,0,10/4/2019,3 Tahun - 10 Bulan - 11 Hari,8/16/2023,14.5,105,TIDAK
1183,M ALDO AGUSTIAWAN ,0,8/26/2019,3 Tahun - 11 Bulan - 20 Hari,8/16/2023,15.9,106,TIDAK
1184,M ALFA HASYIM ,0,8/20/2018,4 Tahun - 11 Bulan - 26 Hari,8/16/2023,16.6,107,TIDAK
1185,M ALFA RIZQI ,0,4/21/2022,1 Tahun - 3 Bulan - 25 Hari,8/16/2023,10.9,76,TIDAK
1186,m alfarizi ,0,4/14/2023,0 Tahun - 4 Bulan - 2 Hari,8/16/2023,6.3,60,TIDAK
1187,M ALFARIZI ,0,8/14/2021,2 Tahun - 0 Bulan - 1 Hari,8/16/2023,12.7,88,TIDAK
1188,M ALFIANO ,0,2/1/2021,2 Tahun - 6 Bulan - 3 Hari,8/7/2023,11.7,87,TIDAK
1189,M ALFINO MADI JAYA ,0,2/26/2019,4 Tahun - 5 Bulan - 18 Hari,8/16/2023,14,112,TIDAK
1190,M ALI AZGAR ,0,7/23/2021,2 Tahun - 0 Bulan - 23 Hari,8/16/2023,12.8,85,TIDAK
1191,M ali bakir ,0,1/27/2019,4 Tahun - 6 Bulan - 18 Hari,8/16/2023,15.5,109,TIDAK
1192,M ALI HAROZIM ,0,2/20/2019,4 Tahun - 5 Bulan - 18 Hari,8/10/2023,14.4,102,TIDAK
1193,M ALIF RAHMATULLAH ,0,7/2/2022,1 Tahun - 1 Bulan - 10 Hari,8/12/2023,10.3,77,TIDAK
1194,M ALIFAI FILZAH ,0,6/27/2021,2 Tahun - 1 Bulan - 19 Hari,8/16/2023,12.8,87,TIDAK
1195,M ALVINO GIBRAN ,0,4/11/2020,3 Tahun - 4 Bulan - 4 Hari,8/16/2023,14.9,101,TIDAK
1196,M Alwan Malik ,0,4/2/2020,3 Tahun - 4 Bulan - 13 Hari,8/16/2023,14.2,96,TIDAK
1197,M ALWI ABDILLAH ,0,7/28/2020,3 Tahun - 0 Bulan - 18 Hari,8/16/2023,14,102,TIDAK
1198,M ANDRIAN RIZKI P ,0,12/8/2020,2 Tahun - 8 Bulan - 2 Hari,8/11/2023,10.3,87,TIDAK
1199,M ANDRIYANSYAH ,0,9/2/2018,4 Tahun - 11 Bulan - 13 Hari,8/16/2023,16.7,108,TIDAK
1200,M ARFAN ,0,5/14/2019,4 Tahun - 3 Bulan - 2 Hari,8/16/2023,15.7,106,TIDAK
1201,M ARJUNA R ,0,5/31/2019,4 Tahun - 2 Bulan - 16 Hari,8/16/2023,15.6,105,TIDAK
1202,M ARSAKA RAMADANI ,0,3/23/2023,0 Tahun - 4 Bulan - 24 Hari,8/16/2023,6.4,62,TIDAK
1203,M ARSYA WAHYUDI ,0,2/27/2021,2 Tahun - 5 Bulan - 17 Hari,8/16/2023,13.2,90,TIDAK
1204,M ARYA UBAIDILLAH ,0,10/23/2022,0 Tahun - 9 Bulan - 23 Hari,8/16/2023,8.3,69,TIDAK
1205,M ARYA ZIDAN ,0,5/6/2023,0 Tahun - 3 Bulan - 10 Hari,8/16/2023,5.5,60,TIDAK
1206,M ASROF ATAHILA ,0,11/28/2020,2 Tahun - 8 Bulan - 17 Hari,8/16/2023,13.2,94,TIDAK
1207,M AZAM ,0,7/11/2019,4 Tahun - 1 Bulan - 5 Hari,8/16/2023,13.5,101,TIDAK
1208,M AZMI AL G ,0,12/7/2021,1 Tahun - 8 Bulan - 8 Hari,8/16/2023,12.5,89,TIDAK
1209,M BADRU TAMAM ,0,4/20/2019,4 Tahun - 3 Bulan - 17 Hari,8/7/2023,15,104,TIDAK
1210,M BILAL ASEGAF ,0,3/29/2023,0 Tahun - 4 Bulan - 18 Hari,8/16/2023,6.5,63,TIDAK
1211,M DAFA KAMIL AMRULLAH ,0,8/31/2019,3 Tahun - 11 Bulan - 6 Hari,8/7/2023,12.7,99,TIDAK
1212,M DAFAALFIANSYAH ,1,5/12/2022,1 Tahun - 2 Bulan - 21 Hari,8/3/2023,10,79,TIDAK
1213,M DAFINO WAHYU R ,0,5/9/2019,4 Tahun - 3 Bulan - 7 Hari,8/16/2023,16.8,107,TIDAK
1214,M dakiki ,0,6/28/2019,4 Tahun - 1 Bulan - 18 Hari,8/16/2023,13.8,103,TIDAK
1215,M DIMAS IRFAN ,0,4/29/2023,0 Tahun - 3 Bulan - 17 Hari,8/16/2023,5.7,59,TIDAK
1216,M DIMAS RASTA FARA ,0,3/26/2021,2 Tahun - 4 Bulan - 18 Hari,8/14/2023,12.9,84.5,TIDAK
1217,M DIRGAHAYU PUTRA ,0,8/17/2021,1 Tahun - 11 Bulan - 28 Hari,8/16/2023,11.3,84,TIDAK
1218,M DWI KEFVLAR PUTRA ,0,5/18/2019,4 Tahun - 2 Bulan - 27 Hari,8/14/2023,14.6,99.7,TIDAK
1219,M DZAFRAN  ,0,11/22/2021,1 Tahun - 8 Bulan - 23 Hari,8/16/2023,11.9,88,TIDAK
1220,m dzikillah ,0,2/12/2022,1 Tahun - 6 Bulan - 2 Hari,8/16/2023,10.3,85,TIDAK
1221,M EFENDI M ,0,10/19/2018,4 Tahun - 9 Bulan - 22 Hari,8/11/2023,12.8,100,TIDAK
1222,M ELGA EGINO ,0,12/27/2018,4 Tahun - 7 Bulan - 18 Hari,8/16/2023,15.6,107,TIDAK
1223,M FADIL AL LUKMAN ,0,2/9/2020,3 Tahun - 6 Bulan - 5 Hari,8/16/2023,15.2,100,TIDAK
1224,M FADIL MUZAKI ,0,4/27/2019,4 Tahun - 3 Bulan - 19 Hari,8/16/2023,15.8,107,TIDAK
1225,M FAHMI ALFAHRI ,0,12/6/2021,1 Tahun - 8 Bulan - 9 Hari,8/16/2023,11.1,87,TIDAK
1226,M FAHMI ,0,2/2/2023,0 Tahun - 6 Bulan - 10 Hari,8/14/2023,6.9,64,TIDAK
1227,M FAHRI ALFAHREZAH ,0,1/16/2022,1 Tahun - 6 Bulan - 29 Hari,8/16/2023,11.2,86,TIDAK
1228,M FAHRI RAMADANI ,0,6/4/2019,4 Tahun - 2 Bulan - 10 Hari,8/14/2023,15.9,102,TIDAK
1229,M FAIRUS MAULIDI ,0,11/13/2019,3 Tahun - 9 Bulan - 2 Hari,8/16/2023,15.4,104,TIDAK
1230,M FAIRUS MAULIDI ,0,11/13/2019,3 Tahun - 9 Bulan - 6 Hari,8/20/2023,16.6,105,TIDAK
1231,M FAIZI ,0,4/19/2019,4 Tahun - 3 Bulan - 27 Hari,8/16/2023,16.2,107,TIDAK
1232,M FAQIH ,0,4/2/2022,1 Tahun - 4 Bulan - 14 Hari,8/16/2023,11.1,85,TIDAK
1233,M FARHAN ,0,1/3/2021,2 Tahun - 7 Bulan - 11 Hari,8/16/2023,15.4,93,TIDAK
1234,M Farhn Ubaidillah ,0,11/1/2018,4 Tahun - 9 Bulan - 4 Hari,8/6/2023,16,109,TIDAK
1235,M FARIS IBRAHIM ,0,1/4/2019,4 Tahun - 7 Bulan - 10 Hari,8/16/2023,16.6,111,TIDAK
1236,M FATAH PARADITA  ,0,6/12/2020,3 Tahun - 1 Bulan - 28 Hari,8/11/2023,11.4,92,TIDAK
1237,M FATHAN ALFARISKI ,0,5/19/2021,2 Tahun - 2 Bulan - 27 Hari,8/16/2023,12.6,92,TIDAK
1238,M FIKRIANSYAH ARROSI ,0,10/13/2018,4 Tahun - 10 Bulan - 0 Hari,8/14/2023,13.9,100.4,TIDAK
1239,M FIQI FAHMI ,0,9/13/2018,4 Tahun - 11 Bulan - 2 Hari,8/16/2023,16.3,109,TIDAK
1240,M FIRLI ,0,4/7/2019,4 Tahun - 4 Bulan - 9 Hari,8/16/2023,15.8,107,TIDAK
1241,M FIRMAN ,0,7/3/2022,1 Tahun - 1 Bulan - 0 Hari,8/3/2023,9.6,76,TIDAK
1242,M GAZZA SARI ,0,6/8/2021,2 Tahun - 2 Bulan - 7 Hari,8/16/2023,13.6,90,TIDAK
1243,M GIBRAN FAHRILLAH ,0,8/6/2021,2 Tahun - 0 Bulan - 7 Hari,8/14/2023,12.3,88.1,TIDAK
1244,M GOZI ZEN IRSYADILLA ,0,6/5/2022,1 Tahun - 2 Bulan - 0 Hari,8/6/2023,10.4,79,TIDAK
1245,M HABIBI AKBAR ,0,6/27/2021,2 Tahun - 1 Bulan - 19 Hari,8/16/2023,12.9,88,TIDAK
1246,M HABIBUR ROHMAN ,0,8/16/2022,0 Tahun - 11 Bulan - 18 Hari,8/4/2023,9.6,75,TIDAK
1247,M HAFIF ARDIANSYA ,0,4/13/2023,0 Tahun - 4 Bulan - 3 Hari,8/16/2023,5.7,60,TIDAK
1248,M HAFIZ SHODIQ ,0,12/4/2021,1 Tahun - 8 Bulan - 11 Hari,8/16/2023,11.1,84,TIDAK
1249,M HAIDAR ATTARAZKA ,0,10/13/2022,0 Tahun - 10 Bulan - 2 Hari,8/16/2023,8.5,70,TIDAK
1250,M HAIDAR M ,0,8/11/2018,5 Tahun - 0 Bulan - 4 Hari,8/16/2023,15,109,TIDAK
1251,M HARIS LINTANG ,0,6/8/2021,2 Tahun - 2 Bulan - 7 Hari,8/16/2023,12.6,89,TIDAK
1252,M HASBI ROHMATULLAH ,0,1/14/2019,4 Tahun - 6 Bulan - 29 Hari,8/14/2023,17.3,99.2,TIDAK
1253,m hoirul m ,0,2/17/2022,1 Tahun - 5 Bulan - 27 Hari,8/16/2023,11.3,80,TIDAK
1254,M husnul wafa ,1,1/20/2019,4 Tahun - 6 Bulan - 12 Hari,8/3/2023,16,107,TIDAK
1255,M IKHSAN AHIL ,0,5/16/2022,1 Tahun - 3 Bulan - 0 Hari,8/16/2023,10.2,76,TIDAK
1256,M ILHAM ,0,8/6/2022,1 Tahun - 0 Bulan - 15 Hari,8/22/2023,10,78,TIDAK
1257,M IQBAL FAHRUR ROZI ,0,9/26/2021,1 Tahun - 10 Bulan - 17 Hari,8/14/2023,10.8,81,TIDAK
1258,M JAFAR ,0,5/30/2020,3 Tahun - 2 Bulan - 16 Hari,8/16/2023,14,99,TIDAK
1259,M JAFRAN F ,0,1/12/2020,3 Tahun - 6 Bulan - 21 Hari,8/4/2023,15.7,104,TIDAK
1260,M JALALUDIN AKBAR ,0,3/29/2019,4 Tahun - 4 Bulan - 12 Hari,8/10/2023,14.5,104,TIDAK
1261,M JIBRIL DIRGANTARA ,0,10/22/2019,3 Tahun - 9 Bulan - 18 Hari,8/10/2023,11.7,94,TIDAK
1262,M JULIAN ,0,6/10/2020,3 Tahun - 2 Bulan - 5 Hari,8/16/2023,13.4,95,TIDAK
1263,M KAHFI A ,0,7/1/2021,2 Tahun - 1 Bulan - 15 Hari,8/16/2023,13,85,TIDAK
1264,M KAMIL ,0,10/26/2018,4 Tahun - 9 Bulan - 20 Hari,8/16/2023,16.2,110,TIDAK
1265,M KHOIRUL ANWAR ,0,10/12/2019,3 Tahun - 9 Bulan - 28 Hari,8/10/2023,17.2,104.3,TIDAK
1266,M KHOIRUL FATHAN ,0,4/3/2022,1 Tahun - 4 Bulan - 13 Hari,8/16/2023,10.2,79,TIDAK
1267,M LUTFHAN AFDAL AL HUSAIN ,0,11/24/2022,0 Tahun - 8 Bulan - 12 Hari,8/7/2023,10.5,71,TIDAK
1268,M MAGHFIROH HABIBI ,0,12/26/2021,1 Tahun - 7 Bulan - 17 Hari,8/14/2023,13.1,81.3,TIDAK
1269,M MAULANA ABIL ,0,10/9/2022,0 Tahun - 10 Bulan - 6 Hari,8/16/2023,7.9,70,TIDAK
1270,M MAULANA DILAN ,0,3/11/2019,4 Tahun - 5 Bulan - 5 Hari,8/16/2023,15.1,107,TIDAK
1271,M MUSTAJARIYA ,0,2/7/2021,2 Tahun - 5 Bulan - 28 Hari,8/7/2023,13.2,89,TIDAK
1272,M NABIL ,0,7/5/2022,1 Tahun - 1 Bulan - 1 Hari,8/6/2023,10,74,TIDAK
1273,M NAFI ALFARESI ,0,11/27/2018,4 Tahun - 8 Bulan - 18 Hari,8/16/2023,16.2,107,TIDAK
1274,M NANDO ERLANGGA ,0,9/19/2019,3 Tahun - 10 Bulan - 26 Hari,8/16/2023,15.4,107,TIDAK
1275,M NASRULLAH ,0,11/26/2020,2 Tahun - 8 Bulan - 19 Hari,8/16/2023,11.3,91,TIDAK
1276,M NAUFAL ZAYDAN IRFANTO ,0,8/21/2019,3 Tahun - 11 Bulan - 23 Hari,8/14/2023,12.9,102.3,TIDAK
1277,M NAUFAN FARAD ,0,11/24/2021,1 Tahun - 8 Bulan - 8 Hari,8/3/2023,12,91,TIDAK
1278,M NIZAR BP ,0,11/12/2018,4 Tahun - 9 Bulan - 3 Hari,8/16/2023,16.6,109,TIDAK
1279,M NOFAL ,0,2/24/2021,2 Tahun - 5 Bulan - 20 Hari,8/16/2023,14,89,TIDAK
1280,M NOVAL HABIBI ,0,6/30/2021,2 Tahun - 1 Bulan - 16 Hari,8/16/2023,12.7,88,TIDAK
1281,M RADITYA ,0,7/23/2020,3 Tahun - 0 Bulan - 23 Hari,8/16/2023,13.8,92,TIDAK
1282,M RAFA ASKA PUTRA ,0,9/7/2021,1 Tahun - 11 Bulan - 7 Hari,8/16/2023,10.9,86,TIDAK
1283,M RAFAEL AL A ,0,6/2/2019,4 Tahun - 2 Bulan - 14 Hari,8/16/2023,16.8,106,TIDAK
1284,M RAFARDAN M ,0,7/21/2021,2 Tahun - 0 Bulan - 25 Hari,8/16/2023,11.2,85,TIDAK
1285,M RAFFA FAUZAN KAMIL ,0,10/13/2019,3 Tahun - 10 Bulan - 2 Hari,8/16/2023,15.5,104,TIDAK
1286,M RAFFI AL FATIH ,0,12/24/2019,3 Tahun - 7 Bulan - 17 Hari,8/11/2023,13.7,96.2,TIDAK
1287,M RAFFI AL FATIH ,0,12/24/2019,3 Tahun - 7 Bulan - 22 Hari,8/16/2023,14.1,103,TIDAK
1288,M RAFIF ,0,5/3/2019,4 Tahun - 3 Bulan - 13 Hari,8/16/2023,15.8,111,TIDAK
1289,M RAFKA ARSYA FATHAN HASYIMHAWARI ,0,7/17/2021,2 Tahun - 0 Bulan - 25 Hari,8/12/2023,11.8,86,TIDAK
1290,M RAKA SATIA P ,0,10/5/2022,0 Tahun - 10 Bulan - 10 Hari,8/16/2023,8.5,70,TIDAK
1291,M RAYHAN AFFAN ,0,8/15/2020,3 Tahun - 0 Bulan - 0 Hari,8/16/2023,14.6,96,TIDAK
1292,M RAYYAN AL ,0,5/1/2019,4 Tahun - 3 Bulan - 15 Hari,8/16/2023,15.9,108,TIDAK
1293,M REFAN ARSYA  ,0,3/3/2022,1 Tahun - 5 Bulan - 7 Hari,8/10/2023,7.8,76.5,TIDAK
1294,M REHAN MUSTOFA ,0,6/12/2021,2 Tahun - 1 Bulan - 21 Hari,8/3/2023,11.4,85,TIDAK
1295,M REHAN ,0,6/16/2022,1 Tahun - 1 Bulan - 30 Hari,8/16/2023,9.5,77,TIDAK
1296,M RENDI ,0,11/10/2020,2 Tahun - 9 Bulan - 4 Hari,8/16/2023,13.9,95,TIDAK
1297,M RENO AL BUSTOMI ,0,10/16/2018,4 Tahun - 9 Bulan - 30 Hari,8/16/2023,16.8,112,TIDAK
1298,m revan ,0,7/6/2020,3 Tahun - 1 Bulan - 9 Hari,8/16/2023,16,102,TIDAK
1299,M REYFANS ALFARISI ,0,8/28/2020,2 Tahun - 11 Bulan - 12 Hari,8/11/2023,18.9,99,TIDAK
1300,M REYHAN ,0,7/17/2022,1 Tahun - 0 Bulan - 29 Hari,8/16/2023,9.8,76,TIDAK
1301,M RIDHO HOIR ,0,8/30/2018,4 Tahun - 11 Bulan - 16 Hari,8/16/2023,16.4,113,TIDAK
1302,M RIDHO PRASETYO ,0,9/26/2018,4 Tahun - 10 Bulan - 19 Hari,8/16/2023,16.6,112,TIDAK
1303,M RIDHO ,0,1/15/2020,3 Tahun - 6 Bulan - 26 Hari,8/12/2023,15.6,102,TIDAK
1304,m ridwan ,0,5/20/2022,1 Tahun - 2 Bulan - 26 Hari,8/16/2023,9.8,78,TIDAK
1305,M RIDWAN ,0,1/23/2022,1 Tahun - 6 Bulan - 10 Hari,8/4/2023,10.7,81,TIDAK
1306,M RIFAN MAULANA ,0,5/9/2021,2 Tahun - 3 Bulan - 5 Hari,8/14/2023,10.9,83.5,TIDAK
1307,M RISKI ADITIYA ,1,6/6/2021,2 Tahun - 2 Bulan - 9 Hari,8/16/2023,11.7,87,TIDAK
1308,M RISKI EL BARAN ,0,5/11/2021,2 Tahun - 3 Bulan - 5 Hari,8/16/2023,13.4,87,TIDAK
1309,M RISKY PRASETYO ,0,9/26/2018,4 Tahun - 10 Bulan - 19 Hari,8/16/2023,16.5,110,TIDAK
1310,M RIZAL GIBRAN ,0,3/12/2019,4 Tahun - 5 Bulan - 4 Hari,8/16/2023,16.9,106,TIDAK
1311,M RIZQI ,1,6/1/2020,3 Tahun - 2 Bulan - 2 Hari,8/4/2023,14,93,TIDAK
1312,M RONI ADITYA ,0,11/23/2020,2 Tahun - 8 Bulan - 22 Hari,8/16/2023,14.4,93,TIDAK
1313,M SAIFUL ANAM ,0,10/3/2018,4 Tahun - 10 Bulan - 3 Hari,8/7/2023,14.8,101,TIDAK
1314,M SALMAN ALFARISI ,0,7/1/2021,2 Tahun - 1 Bulan - 15 Hari,8/16/2023,12.8,90,TIDAK
1315,M SALSABIL ,0,7/18/2020,3 Tahun - 0 Bulan - 28 Hari,8/16/2023,12.9,92,TIDAK
1316,M SHOLEH ,0,4/22/2019,4 Tahun - 3 Bulan - 19 Hari,8/11/2023,12.4,98,TIDAK
1317,M SOLEHUDIN ,0,9/30/2022,0 Tahun - 10 Bulan - 15 Hari,8/16/2023,8.3,71,TIDAK
1318,M SULTON MAULANA  ,0,1/13/2022,1 Tahun - 7 Bulan - 1 Hari,8/16/2023,11.5,88,TIDAK
1319,M SYAFIQ AQILA ,0,4/6/2023,0 Tahun - 4 Bulan - 10 Hari,8/16/2023,5.9,61,TIDAK
1320,M SYAIFUL ANAM ,0,12/26/2021,1 Tahun - 7 Bulan - 17 Hari,8/14/2023,10.4,78.5,TIDAK
1321,M SYARIF HIDAYATULLAH ,0,10/30/2019,3 Tahun - 9 Bulan - 14 Hari,8/14/2023,13,94,TIDAK
1322,M TEO IBRAHIM ,0,11/27/2019,3 Tahun - 8 Bulan - 18 Hari,8/16/2023,15,106,TIDAK
1323,M TOTOK FARADILAN ,1,1/23/2022,1 Tahun - 6 Bulan - 10 Hari,8/4/2023,11,83,TIDAK
1324,M ULIL ABSOR ,0,7/5/2021,2 Tahun - 1 Bulan - 11 Hari,8/16/2023,13.2,87,TIDAK
1325,M ULUL ASMI ,0,5/7/2019,4 Tahun - 3 Bulan - 3 Hari,8/10/2023,11.8,97.5,TIDAK
1326,M UWAIS MAULANA  ,0,1/25/2021,2 Tahun - 6 Bulan - 14 Hari,8/11/2023,15.2,89.2,TIDAK
1327,M YAHYA ZAKARIA ,0,8/9/2019,4 Tahun - 0 Bulan - 7 Hari,8/16/2023,15.6,105,TIDAK
1328,M YANDRIL F ,0,7/13/2020,3 Tahun - 0 Bulan - 21 Hari,8/4/2023,12.7,92,TIDAK
1329,M YAZID ,0,1/6/2022,1 Tahun - 6 Bulan - 26 Hari,8/3/2023,10.4,84,TIDAK
1330,M YAZID ,0,11/5/2019,3 Tahun - 9 Bulan - 10 Hari,8/16/2023,14.7,99,TIDAK
1331,M YUDA EFENDI ,0,4/29/2022,1 Tahun - 3 Bulan - 17 Hari,8/16/2023,11.7,79,TIDAK
1332,M ZAFIR UWAIS ,0,8/15/2018,4 Tahun - 11 Bulan - 29 Hari,8/14/2023,14,101,TIDAK
1333,M ZAFRAN M ,0,11/9/2021,1 Tahun - 9 Bulan - 5 Hari,8/16/2023,11.3,84,TIDAK
1334,M ZAIM ,1,6/14/2022,1 Tahun - 1 Bulan - 22 Hari,8/6/2023,9.5,74,TIDAK
1335,M ZAINUL HASAN A ,1,6/28/2022,1 Tahun - 1 Bulan - 6 Hari,8/4/2023,9.6,74,TIDAK
1336,M ZAKARIYAH AL NASORI ,0,1/24/2020,3 Tahun - 6 Bulan - 19 Hari,8/14/2023,14.8,95.3,TIDAK
1337,M ZUHAIR ARDANA ,0,5/25/2019,4 Tahun - 2 Bulan - 16 Hari,8/10/2023,15.2,102,TIDAK
1338,M ZULFAHMI RIDWAN ,0,4/19/2019,4 Tahun - 3 Bulan - 27 Hari,8/16/2023,15.6,107,TIDAK
1339,M. ALFA HASIM ,0,5/29/2022,1 Tahun - 2 Bulan - 5 Hari,8/4/2023,9.8,78,TIDAK
1340,M. DAFA ALFA ,0,11/25/2018,4 Tahun - 8 Bulan - 20 Hari,8/16/2023,16.4,113,TIDAK
1341,M. DAFIDZ ,0,7/2/2019,4 Tahun - 1 Bulan - 2 Hari,8/4/2023,14.5,99,TIDAK
1342,M. DAFIDZ ,0,7/2/2019,4 Tahun - 1 Bulan - 2 Hari,8/4/2023,15.7,105,TIDAK
1343,m. Abdurrohim ,0,12/8/2019,3 Tahun - 7 Bulan - 25 Hari,8/3/2023,15.8,107,TIDAK
1344,M. ABIZAR ALGIFAHRI  ,0,5/19/2023,0 Tahun - 2 Bulan - 28 Hari,8/16/2023,4.6,60,TIDAK
1345,M. ADE PUTRA ,0,3/7/2019,4 Tahun - 4 Bulan - 28 Hari,8/4/2023,15,109,TIDAK
1346,M. ADITIA ,0,6/1/2019,4 Tahun - 2 Bulan - 11 Hari,8/12/2023,16.8,105.5,TIDAK
1347,M. AFFAN KHAIDAR  ,0,5/6/2021,2 Tahun - 3 Bulan - 10 Hari,8/16/2023,10.4,90,TIDAK
1348,M. ALFAN SHOLEH ,0,1/7/2019,4 Tahun - 6 Bulan - 25 Hari,8/3/2023,17.8,106,TIDAK
1349,m. alfin ,0,2/8/2020,3 Tahun - 6 Bulan - 6 Hari,8/16/2023,15.6,100,TIDAK
1350,M. ASHFA MUZAKFAR ,0,1/1/2021,2 Tahun - 7 Bulan - 13 Hari,8/16/2023,11.5,90,TIDAK
1351,M. ASKARA ,0,3/10/2022,1 Tahun - 5 Bulan - 6 Hari,8/16/2023,9.7,88,TIDAK
1352,M. AZKA B ,0,9/15/2021,1 Tahun - 11 Bulan - 3 Hari,8/20/2023,12,87,TIDAK
1353,M. AZKI B ,0,9/15/2021,1 Tahun - 11 Bulan - 3 Hari,8/20/2023,11.7,86,TIDAK
1354,M. Azriel ,0,11/17/2019,3 Tahun - 8 Bulan - 23 Hari,8/11/2023,13.4,94.2,TIDAK
1355,M. BILAL AL HAFIZ ,0,7/11/2019,4 Tahun - 0 Bulan - 24 Hari,8/4/2023,15.6,106,TIDAK
1356,M. BURHAN NURUDIN ,0,3/16/2023,0 Tahun - 4 Bulan - 19 Hari,8/4/2023,6.7,61,TIDAK
1357,M. chairil ,0,9/23/2020,2 Tahun - 10 Bulan - 17 Hari,8/11/2023,14.5,89.6,TIDAK
1358,m. Fabian alfarizi ,0,4/21/2020,3 Tahun - 3 Bulan - 11 Hari,8/3/2023,15.5,102,TIDAK
1359,M. FAHMI ,0,11/6/2019,3 Tahun - 9 Bulan - 5 Hari,8/12/2023,15.6,104,TIDAK
1360,m. faisal ,0,6/11/2020,3 Tahun - 2 Bulan - 4 Hari,8/16/2023,13.7,97,TIDAK
1361,M. FALIH AQMAR ,0,8/17/2019,3 Tahun - 11 Bulan - 29 Hari,8/16/2023,13.5,103,TIDAK
1362,M. FAREL HIDAYATULLAH ,0,2/25/2020,3 Tahun - 5 Bulan - 8 Hari,8/4/2023,16,101,TIDAK
1363,M. FARHAN RAMADANI ,0,5/15/2020,3 Tahun - 3 Bulan - 0 Hari,8/16/2023,15.8,102,TIDAK
1364,M. FARZAN RAIHAN ,0,3/19/2019,4 Tahun - 4 Bulan - 15 Hari,8/3/2023,16.7,106,TIDAK
1365,M. FATAN H ,0,7/23/2022,1 Tahun - 0 Bulan - 11 Hari,8/4/2023,8.9,72,TIDAK
1366,M. FEBRIAN HOLILULLAH ,0,4/8/2023,0 Tahun - 3 Bulan - 25 Hari,8/3/2023,6,60,TIDAK
1367,M. FILDAN NADIFI ,0,2/11/2019,4 Tahun - 5 Bulan - 29 Hari,8/12/2023,16.7,105,TIDAK
1368,M. FIRMAN HIDAYAH  ,0,5/27/2020,3 Tahun - 2 Bulan - 17 Hari,8/14/2023,14.1,90.7,TIDAK
1369,M. FIRZA ,0,6/25/2022,1 Tahun - 1 Bulan - 25 Hari,8/20/2023,9.6,75,TIDAK
1370,M. GIBRAN  ,0,9/22/2020,2 Tahun - 10 Bulan - 18 Hari,8/11/2023,12.5,91,TIDAK
1371,M. GIBRAN M ,0,4/22/2019,4 Tahun - 3 Bulan - 24 Hari,8/16/2023,16.3,106,TIDAK
1372,M. HABIBULLAH M ,0,10/10/2021,1 Tahun - 10 Bulan - 5 Hari,8/16/2023,12.4,87,TIDAK
1373,M. HAFI MALIK ,0,3/20/2020,3 Tahun - 4 Bulan - 14 Hari,8/4/2023,16,102,TIDAK
1374,M. HAIDAR FAHRI H ,0,3/2/2023,0 Tahun - 5 Bulan - 14 Hari,8/16/2023,6.5,64,TIDAK
1375,M. Haidar ,1,2/15/2019,4 Tahun - 5 Bulan - 24 Hari,8/11/2023,14.4,101.9,TIDAK
1376,m. Huzain ,0,2/6/2020,3 Tahun - 5 Bulan - 29 Hari,8/6/2023,15.3,103,TIDAK
1377,M. IBRAHIM  ,0,5/4/2021,2 Tahun - 3 Bulan - 16 Hari,8/20/2023,13.8,95,TIDAK
1378,M. IBROHIM ,0,2/10/2020,3 Tahun - 5 Bulan - 22 Hari,8/3/2023,15,103,TIDAK
1379,M. ILHAM ,0,5/4/2019,4 Tahun - 3 Bulan - 12 Hari,8/16/2023,15.8,110.8,TIDAK
1380,M. IRFAN ARGANZA ,0,3/20/2023,0 Tahun - 4 Bulan - 14 Hari,8/3/2023,7,63,TIDAK
1381,M. KENZO ARFANDA  ,0,4/1/2023,0 Tahun - 4 Bulan - 15 Hari,8/16/2023,6,62,TIDAK
1382,M. NADIM ALFARIZI ,0,8/2/2019,4 Tahun - 0 Bulan - 1 Hari,8/3/2023,16,106,TIDAK
1383,M. NAUVAL ALIF ,0,1/2/2019,4 Tahun - 7 Bulan - 0 Hari,8/4/2023,17.4,106,TIDAK
1384,M. NAUVAL ALIF ,0,1/2/2019,4 Tahun - 7 Bulan - 8 Hari,8/12/2023,16.6,105,TIDAK
1385,M. QODIR ,0,11/4/2018,4 Tahun - 9 Bulan - 7 Hari,8/12/2023,13.6,105,TIDAK
1386,M. Rafa azka Putra ,0,6/29/2020,3 Tahun - 1 Bulan - 16 Hari,8/16/2023,12.7,86,IYA
1387,M. RAIHAN FIRDAUS ,0,6/1/2020,3 Tahun - 2 Bulan - 10 Hari,8/12/2023,14.5,98,TIDAK
1388,M. RAYHAN AMINULLAH ,0,7/1/2019,4 Tahun - 1 Bulan - 15 Hari,8/16/2023,23.9,115,TIDAK
1389,M. REFANZA RAMADHAN ,0,4/7/2023,0 Tahun - 3 Bulan - 26 Hari,8/3/2023,5.6,63,TIDAK
1390,M. Revandi Aprilio ,0,4/4/2019,4 Tahun - 4 Bulan - 12 Hari,8/16/2023,14.7,93,IYA
1391,M. REYHAN ASSIDIK ,0,7/14/2019,4 Tahun - 0 Bulan - 29 Hari,8/12/2023,16.5,104,TIDAK
1392,M. RIANZA RAMADHAN ,0,4/7/2023,0 Tahun - 3 Bulan - 26 Hari,8/3/2023,5.7,64,TIDAK
1393,M. RIKZA FAJRI ,0,10/10/2019,3 Tahun - 9 Bulan - 26 Hari,8/6/2023,15.4,102,TIDAK
1394,M. ROFIL ,0,10/5/2018,4 Tahun - 9 Bulan - 29 Hari,8/4/2023,17.6,112,TIDAK
1395,M. ROMI ,0,4/12/2019,4 Tahun - 3 Bulan - 22 Hari,8/4/2023,16.7,108.6,TIDAK
1396,M. ROMI ,0,4/12/2019,4 Tahun - 3 Bulan - 25 Hari,8/7/2023,15.3,99,TIDAK
1397,M. SAHRUL F ,0,7/16/2021,2 Tahun - 1 Bulan - 4 Hari,8/20/2023,10,86,TIDAK
1398,M. SHODIQ ,0,5/3/2019,4 Tahun - 3 Bulan - 1 Hari,8/4/2023,16,108,TIDAK
1399,M. SODIK ,0,10/7/2021,1 Tahun - 10 Bulan - 8 Hari,8/16/2023,11.4,85,TIDAK
1400,M. Syahrul ,0,5/26/2020,3 Tahun - 2 Bulan - 15 Hari,8/11/2023,12.3,91.7,TIDAK
1401,m. Syaifulah/zulfikar ,0,8/10/2019,3 Tahun - 11 Bulan - 23 Hari,8/3/2023,16.4,109,TIDAK
1402,M. SYAIFULLAH ,0,1/4/2021,2 Tahun - 7 Bulan - 6 Hari,8/12/2023,13.4,90,TIDAK
1403,M. SYARIF ,0,1/2/2020,3 Tahun - 7 Bulan - 19 Hari,8/22/2023,14.8,103,TIDAK
1404,M. WAHYU ZAINULLAH ,0,12/8/2022,0 Tahun - 8 Bulan - 7 Hari,8/16/2023,8.7,70,TIDAK
1405,M. ZAIM UL AFLAH AL MASHURY ,0,8/19/2023,0 Tahun - 0 Bulan - 0 Hari,8/19/2023,3.1,51,TIDAK
1406,M. ZAINURI ALBAIHAKI ,0,8/11/2022,1 Tahun - 0 Bulan - 4 Hari,8/16/2023,9.9,72,TIDAK
1407,M. ZHAFRAN ARRISKI  ,0,1/19/2023,0 Tahun - 6 Bulan - 26 Hari,8/16/2023,8,70,TIDAK
1408,M.Abdullah ,0,11/30/2022,0 Tahun - 8 Bulan - 10 Hari,8/11/2023,8.9,73,TIDAK
1409,M.ABRIZAN RAYHAN ,0,11/6/2020,2 Tahun - 9 Bulan - 3 Hari,8/11/2023,13.2,88,TIDAK
1410,M.ADITYA ,0,8/28/2021,1 Tahun - 11 Bulan - 17 Hari,8/16/2023,10.5,82,TIDAK
1411,M.Afid ,0,5/22/2022,1 Tahun - 2 Bulan - 24 Hari,8/16/2023,10.7,75,TIDAK
1412,M.ARIEL HENDRA .A ,0,4/21/2021,2 Tahun - 3 Bulan - 25 Hari,8/16/2023,13.2,89,TIDAK
1413,M.ARIFIN ,0,6/14/2022,1 Tahun - 1 Bulan - 26 Hari,8/10/2023,8.3,73,TIDAK
1414,M.AZKAL ANAM ,0,5/10/2022,1 Tahun - 3 Bulan - 6 Hari,8/16/2023,10.1,77,TIDAK
1415,M.DANI ,0,5/11/2021,2 Tahun - 2 Bulan - 29 Hari,8/10/2023,9.3,83.5,TIDAK
1416,M.DANIEL PRAYOGA ,0,8/15/2022,0 Tahun - 11 Bulan - 25 Hari,8/10/2023,7.9,72,TIDAK
1417,M.DHAFIR PRATAMA ,0,12/22/2022,0 Tahun - 7 Bulan - 23 Hari,8/16/2023,7.4,71,TIDAK
1418,M.DIANDRA RAMADAN ,0,4/28/2022,1 Tahun - 3 Bulan - 18 Hari,8/16/2023,9.8,78,TIDAK
1419,M.Emran Farel ,0,9/5/2022,0 Tahun - 11 Bulan - 10 Hari,8/16/2023,7.3,74,TIDAK
1420,M.FAJAR ,0,12/28/2022,0 Tahun - 7 Bulan - 17 Hari,8/16/2023,9.1,73,TIDAK
1421,M.HAFIZ ,0,4/10/2021,2 Tahun - 4 Bulan - 5 Hari,8/16/2023,11.7,88,TIDAK
1422,M.MUNAWER ,0,12/24/2020,2 Tahun - 7 Bulan - 12 Hari,8/7/2023,11.5,89,TIDAK
1423,M.NAUFAL ,0,3/1/2020,3 Tahun - 5 Bulan - 9 Hari,8/10/2023,11.7,94,TIDAK
1424,M.RAFAEL BIMANTARA ,0,11/17/2022,0 Tahun - 8 Bulan - 28 Hari,8/16/2023,8.4,70,TIDAK
1425,M.RASKA ,0,6/21/2022,1 Tahun - 1 Bulan - 25 Hari,8/16/2023,9.5,77,TIDAK
1426,M.Rayhan Arkanza ,0,10/21/2022,0 Tahun - 9 Bulan - 25 Hari,8/16/2023,7.5,67,IYA
1427,M.RIDHO ZAFIR ,0,4/1/2021,2 Tahun - 4 Bulan - 8 Hari,8/10/2023,10.4,84.5,TIDAK
1428,M.RIFKI ,0,3/2/2021,2 Tahun - 5 Bulan - 14 Hari,8/16/2023,13.2,91,TIDAK
1429,M.SOFYAN ,0,5/4/2021,2 Tahun - 3 Bulan - 12 Hari,8/16/2023,14.3,90,TIDAK
1430,M.SULTAN ,0,4/13/2022,1 Tahun - 3 Bulan - 24 Hari,8/7/2023,11,79,TIDAK
1431,M.TRISTAN REVALDI ,0,4/4/2022,1 Tahun - 4 Bulan - 12 Hari,8/16/2023,10.4,80,TIDAK
1432,M.WILDAN ABBAS ,0,10/9/2021,1 Tahun - 10 Bulan - 0 Hari,8/10/2023,9.1,81,TIDAK
1433,M.ZAINI ,0,6/3/2022,1 Tahun - 2 Bulan - 12 Hari,8/16/2023,9.5,77,TIDAK
1434,MAGDALENA A. OELEU ,1,3/15/2019,2 Tahun - 11 Bulan - 5 Hari,2/18/2022,9.7,83.8,IYA
1435,MAGHFIROTUL AMALIA ,1,11/18/2019,3 Tahun - 8 Bulan - 27 Hari,8/16/2023,14.5,108,TIDAK
1436,MAHDA HANIFAH ,1,7/8/2021,2 Tahun - 1 Bulan - 4 Hari,8/12/2023,11.6,86,TIDAK
1437,MAHIYA KAHIYANG ,1,8/22/2020,2 Tahun - 11 Bulan - 23 Hari,8/16/2023,15.3,96,TIDAK
1438,Malika  ,1,6/21/2019,4 Tahun - 1 Bulan - 25 Hari,8/16/2023,13.9,102,TIDAK
1439,MALIKA FITRIA ,1,4/2/2019,4 Tahun - 4 Bulan - 1 Hari,8/3/2023,17,105,TIDAK
1440,MALIKA FITRIA ,1,4/2/2019,4 Tahun - 4 Bulan - 1 Hari,8/3/2023,17,112,TIDAK
1441,malika ,1,4/15/2023,0 Tahun - 4 Bulan - 1 Hari,8/16/2023,7.4,60,TIDAK
1442,MALIKATUL M ,1,8/27/2019,3 Tahun - 11 Bulan - 19 Hari,8/16/2023,15.7,103,TIDAK
1443,MAMLUATUR ROHMA ,1,10/10/2019,3 Tahun - 10 Bulan - 5 Hari,8/16/2023,16,105,TIDAK
1444,MAR ATUL WAHIROH ,1,3/27/2021,2 Tahun - 4 Bulan - 10 Hari,8/7/2023,11.5,86,TIDAK
1445,MARATUS SOLEHA ,1,4/1/2020,3 Tahun - 4 Bulan - 14 Hari,8/16/2023,17.9,99,TIDAK
1446,MARCEL ,0,9/30/2019,3 Tahun - 10 Bulan - 21 Hari,8/22/2023,14.9,103,TIDAK
1447,MARCEL ,0,4/19/2020,3 Tahun - 3 Bulan - 14 Hari,8/4/2023,14.5,98,TIDAK
1448,MARCELIO PRATAMA ,0,2/11/2021,2 Tahun - 6 Bulan - 2 Hari,8/16/2023,14.4,96,TIDAK
1449,MARGARETH MAUMABE ,1,3/24/2020,1 Tahun - 10 Bulan - 24 Hari,2/16/2022,7.7,77.5,IYA
1450,MARIA D.R. NEONNUB ,1,10/6/2018,3 Tahun - 4 Bulan - 16 Hari,2/21/2022,11.8,87.7,IYA
1451,MARIA F. OMENU ,1,11/26/2017,4 Tahun - 2 Bulan - 15 Hari,2/10/2022,12.3,92.8,IYA
1452,MARIA I. PAINEON ,1,5/31/2019,2 Tahun - 8 Bulan - 11 Hari,2/9/2022,9.1,83,IYA
1453,maria j. leu ,1,5/13/2017,4 Tahun - 8 Bulan - 27 Hari,2/8/2022,11.4,92.4,IYA
1454,MARIA JINTIANA NAITILI ,1,4/27/2020,1 Tahun - 9 Bulan - 29 Hari,2/25/2022,7.9,74.3,IYA
1455,MARIA K. KOSAT ,1,5/12/2020,1 Tahun - 9 Bulan - 15 Hari,2/26/2022,11.5,76,IYA
1456,MARIA N. TAHONI ,1,11/27/2018,3 Tahun - 2 Bulan - 18 Hari,2/14/2022,10.1,84,IYA
1457,MARIA STEVANIA NEKLEU ,1,5/17/2019,2 Tahun - 9 Bulan - 2 Hari,2/17/2022,9.3,79.9,IYA
1458,marianus fautnine ,0,3/14/2018,3 Tahun - 11 Bulan - 6 Hari,2/18/2022,12.4,92.1,IYA
1459,Marido D. Oeleu ,0,5/12/2018,3 Tahun - 9 Bulan - 6 Hari,2/16/2022,12.7,91,IYA
1460,MARIO R BANO ,0,5/13/2018,3 Tahun - 9 Bulan - 8 Hari,2/19/2022,11.1,87.3,IYA
1461,MARIO SANIT ,0,11/25/2017,4 Tahun - 2 Bulan - 14 Hari,2/8/2022,12.3,90.2,IYA
1462,MARISKA OELEU ,1,3/5/2019,2 Tahun - 11 Bulan - 14 Hari,2/17/2022,11.2,82.3,IYA
1463,MARSELA R. TAONE ,1,3/30/2019,2 Tahun - 10 Bulan - 10 Hari,2/7/2022,9.4,81,IYA
1464,marten naiobe ,0,3/10/2017,4 Tahun - 11 Bulan - 0 Hari,2/8/2022,13.3,97.5,IYA
1465,MARTINUS LUTI ,0,3/28/2018,3 Tahun - 10 Bulan - 23 Hari,2/19/2022,11.5,90.9,IYA
1466,MARTINUS TASAU ,0,11/3/2019,2 Tahun - 3 Bulan - 12 Hari,2/14/2022,10.1,81.8,IYA
1467,MARVILIANO ANAPAH ,0,3/2/2018,3 Tahun - 11 Bulan - 7 Hari,2/7/2022,11.4,90.6,IYA
1468,MARYAM ,1,2/5/2021,2 Tahun - 5 Bulan - 27 Hari,8/4/2023,13,92,TIDAK
1469,Maryatul.k ,1,7/6/2020,3 Tahun - 1 Bulan - 9 Hari,8/16/2023,9.7,99,TIDAK
1470,MARYELA TETHUN ,1,12/2/2017,4 Tahun - 2 Bulan - 6 Hari,2/7/2022,11.2,89,IYA
1471,MAS SULTHAN BAHTIAR ,0,11/5/2022,0 Tahun - 9 Bulan - 10 Hari,8/16/2023,7.9,70,TIDAK
1472,MATIAS NAITILI ,0,7/7/2018,3 Tahun - 7 Bulan - 14 Hari,2/19/2022,11,90,IYA
1473,Maula ,1,4/22/2021,2 Tahun - 3 Bulan - 19 Hari,8/11/2023,11.4,88.2,TIDAK
1474,MAULA ,1,3/11/2020,3 Tahun - 4 Bulan - 23 Hari,8/4/2023,11.7,101,TIDAK
1475,MAULANA AZAM ,0,5/20/2021,2 Tahun - 3 Bulan - 0 Hari,8/20/2023,13.7,95,TIDAK
1476,MAULANA ,0,10/12/2019,3 Tahun - 10 Bulan - 7 Hari,8/20/2023,16.8,106,TIDAK
1477,MAULID ,0,11/9/2019,3 Tahun - 8 Bulan - 24 Hari,8/4/2023,15.3,107,TIDAK
1478,MAULIDA ,1,5/17/2022,1 Tahun - 2 Bulan - 29 Hari,8/16/2023,9.4,73,TIDAK
1479,MAULIDIA ,1,10/23/2020,2 Tahun - 9 Bulan - 22 Hari,8/16/2023,11.5,88,TIDAK
1480,maura ,1,4/24/2022,1 Tahun - 3 Bulan - 22 Hari,8/16/2023,10.8,79,TIDAK
1481,MAYRA OKTAVIA ,1,10/2/2019,3 Tahun - 10 Bulan - 13 Hari,8/16/2023,15.3,109,TIDAK
1482,MAZAYA HIKMA NAFIS ,1,3/25/2023,0 Tahun - 4 Bulan - 22 Hari,8/16/2023,6.7,63,TIDAK
1483,MEGA DWITA H  ,1,11/24/2019,3 Tahun - 8 Bulan - 9 Hari,8/4/2023,15,106,TIDAK
1484,meisito ,1,2/19/2022,1 Tahun - 5 Bulan - 25 Hari,8/16/2023,11.4,80,TIDAK
1485,MEISYA ZALINAP ,1,3/13/2021,2 Tahun - 5 Bulan - 3 Hari,8/16/2023,14.2,93,TIDAK
1486,MERISA ,1,6/20/2019,4 Tahun - 1 Bulan - 26 Hari,8/16/2023,14.8,104,TIDAK
1487,MEYSA SYAFA FAT ,1,5/8/2022,1 Tahun - 3 Bulan - 8 Hari,8/16/2023,10,78,TIDAK
1488,MFAREL EFENDI ,0,5/1/2021,2 Tahun - 3 Bulan - 2 Hari,8/3/2023,12,89,TIDAK
1489,MILISA ROHMAWATI ,1,9/22/2018,4 Tahun - 10 Bulan - 23 Hari,8/16/2023,16.4,111,TIDAK
1490,MILZAM ,0,12/6/2022,0 Tahun - 8 Bulan - 15 Hari,8/22/2023,8,67,TIDAK
1491,Mirza Muwafiq ,0,1/4/2020,3 Tahun - 7 Bulan - 6 Hari,8/11/2023,12.8,93.7,TIDAK
1492,MIRZI ,0,1/5/2019,4 Tahun - 7 Bulan - 9 Hari,8/16/2023,15.4,107,TIDAK
1493,MISBAHUL ULUM ,0,6/10/2022,1 Tahun - 1 Bulan - 24 Hari,8/4/2023,9.7,74,TIDAK
1494,MJAMIL ,0,3/3/2019,4 Tahun - 5 Bulan - 13 Hari,8/16/2023,14.6,105,TIDAK
1495,MOCH ABIANSYAH ,0,6/3/2020,3 Tahun - 2 Bulan - 12 Hari,8/16/2023,14.3,99,TIDAK
1496,MOCH ABIANSYAH ,0,6/3/2020,3 Tahun - 2 Bulan - 7 Hari,8/11/2023,12.3,91.8,TIDAK
1497,MOCH BAIHAQI ,0,2/21/2023,0 Tahun - 5 Bulan - 23 Hari,8/16/2023,7.2,69,TIDAK
1498,MOCH GIBRAN ALFARIZI ,0,11/17/2020,2 Tahun - 8 Bulan - 28 Hari,8/16/2023,14.2,98,TIDAK
1499,MOCH HOIRUDIN A ,0,12/21/2019,3 Tahun - 7 Bulan - 25 Hari,8/16/2023,15.9,102,TIDAK
1500,MOCH KENZI ,0,1/4/2022,1 Tahun - 7 Bulan - 10 Hari,8/16/2023,11,81,TIDAK
1501,MOCH NUR HAMZAH ,0,3/15/2020,3 Tahun - 4 Bulan - 19 Hari,8/4/2023,14.6,96,TIDAK
1502,MOCH NUR HAMZAH ,0,3/15/2020,3 Tahun - 5 Bulan - 1 Hari,8/16/2023,15.2,102,TIDAK
1503,MOCH SULTAN GIBRAN MAULANA WAHIDIN ,0,6/14/2021,2 Tahun - 1 Bulan - 28 Hari,8/12/2023,11.5,84,TIDAK
1504,MOCH YUNUS ,0,10/2/2021,1 Tahun - 10 Bulan - 13 Hari,8/16/2023,11.8,89,TIDAK
1505,MOCH ZULMY MAULANA ,0,5/13/2020,3 Tahun - 3 Bulan - 2 Hari,8/16/2023,13.8,101,TIDAK
1506,MOCHAMAD REVAN ,0,3/27/2019,4 Tahun - 4 Bulan - 20 Hari,8/16/2023,16.9,108,TIDAK
1507,MOCHHAMMAD A ,0,8/16/2022,0 Tahun - 11 Bulan - 30 Hari,8/16/2023,9.3,73,TIDAK
1508,MOH ABIL SIDIQ ,0,1/29/2020,3 Tahun - 6 Bulan - 16 Hari,8/16/2023,14.7,100,TIDAK
1509,MOH ALFARIZI ,0,5/27/2019,4 Tahun - 2 Bulan - 20 Hari,8/16/2023,15.6,109,TIDAK
1510,moh ali ,0,5/24/2020,3 Tahun - 2 Bulan - 22 Hari,8/16/2023,13,100,TIDAK
1511,MOH FADIL ,0,4/1/2020,3 Tahun - 4 Bulan - 10 Hari,8/12/2023,14.5,98,TIDAK
1512,Moh fahrul  ,0,8/1/2019,4 Tahun - 0 Bulan - 15 Hari,8/16/2023,15.6,107,TIDAK
1513,MOH FASRIL H ,0,12/2/2018,4 Tahun - 8 Bulan - 13 Hari,8/16/2023,15.8,111,TIDAK
1514,MOH GIBRAN ,0,11/18/2019,3 Tahun - 8 Bulan - 27 Hari,8/16/2023,13.6,102,TIDAK
1515,MOH RASYA FAHRUL HAFIST ,0,8/19/2021,1 Tahun - 11 Bulan - 22 Hari,8/12/2023,11.9,86,TIDAK
1516,MOH REZA NAHU ZIKRULLAH ,0,6/19/2021,2 Tahun - 1 Bulan - 15 Hari,8/4/2023,12.8,89,TIDAK
1517,MOH SAFIUDIN ,0,3/13/2021,2 Tahun - 5 Bulan - 3 Hari,8/16/2023,13.3,94,TIDAK
1518,MOH. DAFA ,0,9/13/2019,3 Tahun - 10 Bulan - 20 Hari,8/4/2023,14.6,99,TIDAK
1519,Moh. Gibran ,0,3/26/2019,4 Tahun - 4 Bulan - 16 Hari,8/11/2023,19.4,104.6,TIDAK
1520,MOH. IHSAN ,0,5/20/2019,4 Tahun - 2 Bulan - 15 Hari,8/4/2023,14.5,99,TIDAK
1521,MOH. IKBAL ,0,4/22/2022,1 Tahun - 3 Bulan - 20 Hari,8/12/2023,10.7,80,TIDAK
1522,Moh. Sirouddn ,0,7/22/2019,4 Tahun - 0 Bulan - 20 Hari,8/11/2023,15.6,103.4,TIDAK
1523,MUFIDA AFRIN AZZAHRA ,1,7/27/2021,2 Tahun - 0 Bulan - 19 Hari,8/16/2023,12.8,86,TIDAK
1524,MUFIDAH SEPTIANA SHABITA ,0,9/21/2021,1 Tahun - 10 Bulan - 22 Hari,8/14/2023,10.4,81,TIDAK
1525,MUFIDATUS M ,1,4/20/2020,3 Tahun - 3 Bulan - 20 Hari,8/11/2023,11,90,TIDAK
1526,Muh Arkana ,0,4/24/2023,0 Tahun - 3 Bulan - 17 Hari,8/11/2023,7.4,62,TIDAK
1527,Muh.hasan Naufal ,0,11/7/2018,4 Tahun - 9 Bulan - 3 Hari,8/11/2023,15.4,103.3,TIDAK
1528,MUHAMAD FARDAN IKHSAN ,0,2/2/2020,3 Tahun - 6 Bulan - 10 Hari,8/14/2023,16.4,93.7,TIDAK
1529,MUHAMMAD ABDUL QODIR ,0,4/30/2023,0 Tahun - 3 Bulan - 3 Hari,8/3/2023,5.7,60,TIDAK
1530,MUHAMMAD ABIZAR ALFARIZKI ,0,1/15/2022,1 Tahun - 6 Bulan - 18 Hari,8/4/2023,10.6,81,TIDAK
1531,MUHAMMAD ABRIZHAM  ,0,4/14/2023,0 Tahun - 4 Bulan - 2 Hari,8/16/2023,5.6,58,IYA
1532,MUHAMMAD ADNAN ,0,1/1/2021,2 Tahun - 7 Bulan - 11 Hari,8/14/2023,13.2,86,TIDAK
1533,MUHAMMAD AFFIUDUN ,0,10/31/2022,0 Tahun - 9 Bulan - 15 Hari,8/16/2023,9.6,70,TIDAK
1534,MUHAMMAD AGUNG FIRDAUS  ,1,5/20/2020,3 Tahun - 2 Bulan - 21 Hari,8/11/2023,10.7,90,TIDAK
1535,MUHAMMAD AGUNG FIRDAUS  ,1,5/20/2020,3 Tahun - 2 Bulan - 21 Hari,8/11/2023,11.8,93,TIDAK
1536,MUHAMMAD AINUN ,0,1/14/2020,3 Tahun - 6 Bulan - 27 Hari,8/12/2023,15,102,TIDAK
1537,MUHAMMAD ALDI SAPUTRA ,0,12/5/2021,1 Tahun - 8 Bulan - 1 Hari,8/7/2023,10.5,81,TIDAK
1538,MUHAMMAD ALFAN ,0,1/7/2019,4 Tahun - 6 Bulan - 25 Hari,8/3/2023,15.7,107,TIDAK
1539,MUHAMMAD ARIFIN ,0,12/27/2020,2 Tahun - 7 Bulan - 13 Hari,8/11/2023,9.6,86.5,TIDAK
1540,MUHAMMAD ATALLAH F ,0,1/1/2022,1 Tahun - 7 Bulan - 13 Hari,8/16/2023,11.2,81,TIDAK
1541,MUHAMMAD AZKA ,0,3/3/2022,1 Tahun - 5 Bulan - 13 Hari,8/16/2023,10.7,78,TIDAK
1542,Muhammad Bara Rafandra ,0,2/7/2023,0 Tahun - 6 Bulan - 2 Hari,8/11/2023,7.4,69,TIDAK
1543,MUHAMMAD DANIL ALGIBRAN  ,0,6/27/2021,2 Tahun - 1 Bulan - 19 Hari,8/16/2023,13,93,TIDAK
1544,MUHAMMAD DAVIN ,0,11/8/2021,1 Tahun - 9 Bulan - 2 Hari,8/12/2023,11,80,TIDAK
1545,MUHAMMAD DAVIV ,0,6/26/2021,2 Tahun - 1 Bulan - 20 Hari,8/16/2023,12.7,92,TIDAK
1546,MUHAMMAD DEFFIN ATHAFARIS ,0,8/27/2021,1 Tahun - 11 Bulan - 9 Hari,8/7/2023,12.7,84,TIDAK
1547,MUHAMMAD DYLAN SAPUTRA ,0,3/22/2020,3 Tahun - 4 Bulan - 24 Hari,8/16/2023,14.4,103,TIDAK
1548,MUHAMMAD FAHREZA SAUQI RAHMAN ,0,3/2/2022,1 Tahun - 5 Bulan - 10 Hari,8/12/2023,12,84,TIDAK
1549,Muhammad Gibran M P ,0,11/8/2018,4 Tahun - 9 Bulan - 7 Hari,8/16/2023,18.5,105,TIDAK
1550,MUHAMMAD GIBRAN RAMADHAN ,0,4/28/2022,1 Tahun - 3 Bulan - 18 Hari,8/16/2023,12.2,78.5,TIDAK
1551,MUHAMMAD HAFID ,0,10/16/2020,2 Tahun - 9 Bulan - 29 Hari,8/16/2023,14.7,92,TIDAK
1552,MUHAMMAD HAFIZ SAYHREZA ,0,7/22/2021,2 Tahun - 0 Bulan - 22 Hari,8/14/2023,12.8,81.6,TIDAK
1553,MUHAMMAD HAIDAR ALI  ,0,7/5/2020,3 Tahun - 1 Bulan - 5 Hari,8/11/2023,11.2,89.5,TIDAK
1554,MUHAMMAD HAYYAZID ,0,1/31/2023,0 Tahun - 6 Bulan - 5 Hari,8/7/2023,8.6,70,TIDAK
1555,MUHAMMAD HIDAYATUL MUSTOFA  ,0,11/18/2020,2 Tahun - 8 Bulan - 27 Hari,8/16/2023,14.6,98,TIDAK
1556,muhammad hoirudin ,0,11/18/2021,1 Tahun - 8 Bulan - 27 Hari,8/16/2023,11.3,85,TIDAK
1557,MUHAMMAD ILHAM ,0,12/16/2020,2 Tahun - 7 Bulan - 29 Hari,8/16/2023,13.9,95,TIDAK
1558,MUHAMMAD JEFRY ABDILLAH ,0,6/28/2022,1 Tahun - 1 Bulan - 16 Hari,8/14/2023,9.4,73,TIDAK
1559,MUHAMMAD JEFRY ABDILLAH ,0,4/7/2022,1 Tahun - 4 Bulan - 7 Hari,8/14/2023,9.7,75.5,TIDAK
1560,muhammad lutvi ,0,5/10/2019,4 Tahun - 2 Bulan - 24 Hari,8/3/2023,17.5,109,TIDAK
1561,MUHAMMAD MAULANA MALIK I  ,0,3/7/2020,3 Tahun - 5 Bulan - 4 Hari,8/11/2023,13.5,92,TIDAK
1562,MUHAMMAD RADITIA PRATAMA ,0,7/31/2021,2 Tahun - 0 Bulan - 6 Hari,8/7/2023,12.6,91,TIDAK
1563,MUHAMMAD RAFFI JUNAEDI ,0,11/28/2019,3 Tahun - 8 Bulan - 8 Hari,8/7/2023,21,104,TIDAK
1564,MUHAMMAD RAFKA A ,0,12/31/2019,3 Tahun - 7 Bulan - 15 Hari,8/16/2023,14.8,104,TIDAK
1565,MUHAMMAD REZA ,0,10/9/2020,2 Tahun - 10 Bulan - 2 Hari,8/12/2023,14.7,94,TIDAK
1566,MUHAMMAD RIYAN H ,0,2/28/2022,1 Tahun - 5 Bulan - 16 Hari,8/16/2023,10.7,77,TIDAK
1567,MUHAMMAD RIZKI ,0,6/3/2020,3 Tahun - 2 Bulan - 8 Hari,8/12/2023,14.5,98,TIDAK
1568,MUHAMMAD ROSID ,0,6/13/2023,0 Tahun - 1 Bulan - 21 Hari,8/4/2023,4.5,57,TIDAK
1569,MUHAMMAD SALMAN ALFARISI ,0,5/26/2023,0 Tahun - 2 Bulan - 8 Hari,8/3/2023,5,58,TIDAK
1570,MUHAMMAD SULTAN ZIQO ,0,9/12/2020,2 Tahun - 11 Bulan - 2 Hari,8/16/2023,14.8,96,TIDAK
1571,MUHAMMAD SYARIFUDIN ,0,11/18/2020,2 Tahun - 8 Bulan - 27 Hari,8/16/2023,14.1,96,TIDAK
1572,MUHAMMAD WIBI ARSYA PUTRA ,0,7/17/2021,2 Tahun - 0 Bulan - 29 Hari,8/16/2023,12.5,93,TIDAK
1573,MUHAMMAD WILDAN ,0,2/19/2023,0 Tahun - 5 Bulan - 25 Hari,8/16/2023,6.5,64,TIDAK
1574,MUHAMMAD ZACKY I ,0,9/14/2020,2 Tahun - 11 Bulan - 0 Hari,8/16/2023,14.9,97,TIDAK
1575,MUHAMMAD ZADAN QOLBI ,0,7/20/2023,0 Tahun - 0 Bulan - 15 Hari,8/4/2023,4,53,TIDAK
1576,MUHAMMAD ZAFRAN ZIDANIL AQIL ,0,7/15/2023,0 Tahun - 0 Bulan - 20 Hari,8/4/2023,4,54,TIDAK
1577,MUHAMMAD.RIFQI ,0,2/26/2023,0 Tahun - 5 Bulan - 18 Hari,8/16/2023,6.8,63,TIDAK
1578,MUHTAR R ,0,9/19/2019,3 Tahun - 10 Bulan - 26 Hari,8/16/2023,15,110,TIDAK
1579,MUSRIFA ,1,2/22/2020,3 Tahun - 5 Bulan - 14 Hari,8/7/2023,13.8,95,TIDAK
1580,Musrifa ,1,3/7/2020,3 Tahun - 5 Bulan - 9 Hari,8/16/2023,13.7,98,TIDAK
1581,MUTIARA NURLAILI ,1,1/5/2022,1 Tahun - 7 Bulan - 3 Hari,8/10/2023,7.8,76,TIDAK
1582,NABIL  ,0,1/25/2021,2 Tahun - 6 Bulan - 19 Hari,8/16/2023,12,90,TIDAK
1583,NABIL RAFFASYA  ,0,9/6/2018,4 Tahun - 11 Bulan - 5 Hari,8/12/2023,16.9,105.6,TIDAK
1584,NABILA  ,0,3/3/2021,2 Tahun - 5 Bulan - 13 Hari,8/16/2023,11.4,88,TIDAK
1585,NABILA PUTRI R ,1,7/27/2022,1 Tahun - 0 Bulan - 19 Hari,8/16/2023,9.4,75,TIDAK
1586,nabila ,1,9/3/2020,2 Tahun - 11 Bulan - 11 Hari,8/16/2023,12.9,96,TIDAK
1587,NABILA ,1,9/26/2019,3 Tahun - 10 Bulan - 19 Hari,8/16/2023,14.9,102,TIDAK
1588,NABILA ,1,10/14/2018,4 Tahun - 10 Bulan - 1 Hari,8/16/2023,12.5,103,TIDAK
1589,nabiril ,0,6/30/2022,1 Tahun - 1 Bulan - 16 Hari,8/16/2023,10,75,TIDAK
1590,NADHIFA ZAIDDAH ,1,3/21/2019,4 Tahun - 4 Bulan - 13 Hari,8/3/2023,17.8,106,TIDAK
1591,NADIA ALISA A ,1,9/22/2019,3 Tahun - 10 Bulan - 23 Hari,8/16/2023,15.7,104,TIDAK
1592,NADIF ,1,1/20/2020,3 Tahun - 6 Bulan - 25 Hari,8/16/2023,13.2,100,TIDAK
1593,Nadifa  ,1,12/7/2018,4 Tahun - 8 Bulan - 8 Hari,8/16/2023,15.2,107,TIDAK
1594,NADIN ,1,7/15/2022,1 Tahun - 0 Bulan - 27 Hari,8/12/2023,8.6,70,TIDAK
1595,NADINA O. HALEK ,1,10/13/2019,2 Tahun - 4 Bulan - 6 Hari,2/18/2022,9.6,79.1,IYA
1596,NADINDA ,1,8/16/2022,0 Tahun - 11 Bulan - 30 Hari,8/16/2023,8.6,71,TIDAK
1597,NADIRA AFIFAH ,1,5/1/2021,2 Tahun - 3 Bulan - 15 Hari,8/16/2023,13.7,92,TIDAK
1598,NADIRA AZZAHRA ,1,7/7/2022,1 Tahun - 1 Bulan - 5 Hari,8/12/2023,10,76,TIDAK
1599,NADIROH H ,1,4/14/2021,2 Tahun - 4 Bulan - 5 Hari,8/20/2023,11.5,87,TIDAK
1600,NADIROH ,1,11/24/2022,0 Tahun - 8 Bulan - 27 Hari,8/22/2023,7.9,67,TIDAK
1601,NAFHA ,1,9/10/2019,3 Tahun - 11 Bulan - 5 Hari,8/16/2023,13.9,98,TIDAK
1602,NAFIS ,1,7/28/2021,2 Tahun - 0 Bulan - 14 Hari,8/12/2023,10.7,83,TIDAK
1603,NAFISA AZURA .N ,1,5/29/2021,2 Tahun - 2 Bulan - 17 Hari,8/16/2023,9.6,83,TIDAK
1604,NAFISA PUTRI ,1,7/27/2019,4 Tahun - 0 Bulan - 20 Hari,8/16/2023,12.9,109,TIDAK
1605,NAFISA ,1,8/20/2018,4 Tahun - 11 Bulan - 22 Hari,8/12/2023,16.8,106.5,TIDAK
1606,NAFISATUL SA ,1,1/22/2020,3 Tahun - 6 Bulan - 23 Hari,8/16/2023,15.2,102,TIDAK
1607,NAFIZATUL LAILA  ,1,9/15/2020,2 Tahun - 10 Bulan - 25 Hari,8/11/2023,12.1,87,TIDAK
1608,NAHDA ,1,3/13/2019,4 Tahun - 5 Bulan - 3 Hari,8/16/2023,13.6,102,TIDAK
1609,Naila  ,1,3/17/2019,4 Tahun - 4 Bulan - 30 Hari,8/16/2023,14.4,107,TIDAK
1610,Naila ayu  ,1,10/2/2019,3 Tahun - 10 Bulan - 13 Hari,8/16/2023,13.4,101,TIDAK
1611,NAILA IZZATIL H ,1,4/30/2020,3 Tahun - 3 Bulan - 15 Hari,8/16/2023,14,98,TIDAK
1612,NAILA MAHMADAH MUHDLOR ,1,11/5/2022,0 Tahun - 9 Bulan - 4 Hari,8/10/2023,8,66,TIDAK
1613,Naila maisaroh ,1,5/9/2019,4 Tahun - 3 Bulan - 11 Hari,8/20/2023,17.8,107,TIDAK
1614,Naila maisaroh ,1,5/9/2019,4 Tahun - 3 Bulan - 7 Hari,8/16/2023,15.9,109,TIDAK
1615,NAILA PUTRI R ,1,4/29/2021,2 Tahun - 3 Bulan - 17 Hari,8/16/2023,12.8,86,TIDAK
1616,NAILA ,1,3/20/2022,1 Tahun - 4 Bulan - 27 Hari,8/16/2023,10.9,79,TIDAK
1617,NAILA ,1,12/22/2021,1 Tahun - 7 Bulan - 23 Hari,8/16/2023,10.3,77,TIDAK
1618,NAILA ,1,12/9/2020,2 Tahun - 8 Bulan - 6 Hari,8/16/2023,14,94,TIDAK
1619,NAILA ,1,11/13/2018,4 Tahun - 8 Bulan - 20 Hari,8/4/2023,16.8,106,TIDAK
1620,NAILUL KARIMAH ,1,3/1/2021,2 Tahun - 5 Bulan - 13 Hari,8/14/2023,10.5,83.5,TIDAK
1621,NAIRA MALIKA ,1,3/2/2019,4 Tahun - 5 Bulan - 14 Hari,8/16/2023,15.7,109,TIDAK
1622,NAIZILA ASYIFATUS ,1,3/8/2021,2 Tahun - 5 Bulan - 8 Hari,8/16/2023,11.6,89,TIDAK
1623,NAJMA ,1,11/4/2019,3 Tahun - 9 Bulan - 17 Hari,8/22/2023,15,101,TIDAK
1624,NAJMA ,1,11/9/2019,3 Tahun - 9 Bulan - 6 Hari,8/16/2023,15.4,103,TIDAK
1625,NAJWA DWI FANDA ,1,2/10/2021,2 Tahun - 6 Bulan - 3 Hari,8/16/2023,13.6,92,TIDAK
1626,NAJWA ,1,11/4/2019,3 Tahun - 9 Bulan - 11 Hari,8/16/2023,14.9,101,TIDAK
1627,NANDAN FITRIA M ,1,5/4/2023,0 Tahun - 3 Bulan - 12 Hari,8/16/2023,4.9,58,TIDAK
1628,NASRIL ,1,8/30/2020,2 Tahun - 11 Bulan - 15 Hari,8/16/2023,14.2,94,TIDAK
1629,NATALIA FALLO ,1,12/20/2019,2 Tahun - 1 Bulan - 20 Hari,2/8/2022,8.5,77,IYA
1630,NATALIA N. OEMANAS ,1,12/13/2018,3 Tahun - 2 Bulan - 3 Hari,2/15/2022,10,84.9,IYA
1631,NATASIA SENGKOEN ,1,12/23/2018,3 Tahun - 1 Bulan - 22 Hari,2/14/2022,10.5,84,IYA
1632,NATASYA SERLY ,1,9/16/2019,3 Tahun - 10 Bulan - 24 Hari,8/11/2023,10.5,94,TIDAK
1633,NATASYA ,1,4/12/2020,3 Tahun - 4 Bulan - 3 Hari,8/16/2023,15,99,TIDAK
1634,nathan ,0,9/8/2021,1 Tahun - 11 Bulan - 6 Hari,8/16/2023,10.3,84,TIDAK
1635,NAURA ASHYSA ,1,7/26/2022,1 Tahun - 0 Bulan - 24 Hari,8/20/2023,9.8,79,TIDAK
1636,NAURA BILQIS RAMADANI ,1,4/26/2020,3 Tahun - 3 Bulan - 9 Hari,8/6/2023,15,104,TIDAK
1637,NAURA HASMI ALISA ,1,8/30/2021,1 Tahun - 11 Bulan - 13 Hari,8/14/2023,11.7,80,TIDAK
1638,NAURA SITI SABRINA ,1,3/3/2023,0 Tahun - 5 Bulan - 13 Hari,8/16/2023,6.9,62,TIDAK
1639,NAURA ,1,2/1/2021,2 Tahun - 6 Bulan - 12 Hari,8/16/2023,13,92,TIDAK
1640,NAURA ,1,11/29/2018,4 Tahun - 8 Bulan - 22 Hari,8/22/2023,17.1,106,TIDAK
1641,NAURA ,1,2/15/2021,2 Tahun - 5 Bulan - 29 Hari,8/16/2023,13.7,93,TIDAK
1642,NAURA ,1,11/30/2021,1 Tahun - 8 Bulan - 15 Hari,8/16/2023,9.3,78,TIDAK
1643,NAUREN OKTAVIA F ,1,10/5/2022,0 Tahun - 10 Bulan - 10 Hari,8/16/2023,8,70,TIDAK
1644,NAWAWI ,0,11/18/2018,4 Tahun - 8 Bulan - 23 Hari,8/12/2023,15.7,101,TIDAK
1645,Nayaka A. ,0,6/23/2019,4 Tahun - 1 Bulan - 11 Hari,8/4/2023,16,105,TIDAK
1646,NAYLA NURFADILA ,1,5/19/2021,2 Tahun - 2 Bulan - 21 Hari,8/10/2023,10.6,83,TIDAK
1647,NAYLA SYAHIDA ,1,10/15/2020,2 Tahun - 9 Bulan - 25 Hari,8/11/2023,12.3,88.5,TIDAK
1648,NAYLIL HIMMAH ,1,7/19/2023,0 Tahun - 0 Bulan - 24 Hari,8/12/2023,4,55,TIDAK
1649,Nayshila Husna ,1,10/3/2020,2 Tahun - 10 Bulan - 12 Hari,8/16/2023,9.8,98,TIDAK
1650,NAZHIRA FEFEY ASHOFA ,1,2/8/2022,1 Tahun - 6 Bulan - 6 Hari,8/16/2023,7.3,73,IYA
1651,NAZIHA ZAHRA R ,1,4/24/2020,3 Tahun - 3 Bulan - 15 Hari,8/10/2023,12,94,TIDAK
1652,NAZMA ALIFAH AULIA ,1,7/21/2022,1 Tahun - 0 Bulan - 25 Hari,8/16/2023,9.5,72,TIDAK
1653,NAZRIL ,0,8/30/2020,2 Tahun - 11 Bulan - 21 Hari,8/22/2023,13.6,93,TIDAK
1654,NAZWA ASSYFA ZAHIRA ,1,4/7/2023,0 Tahun - 3 Bulan - 27 Hari,8/4/2023,5.7,59,TIDAK
1655,NAZWA NAZARETTA ,1,3/30/2019,4 Tahun - 4 Bulan - 17 Hari,8/16/2023,15.1,103,TIDAK
1656,newi ,0,12/3/2019,3 Tahun - 8 Bulan - 12 Hari,8/16/2023,14.1,100,TIDAK
1657,neylan nada shahinaz ,1,1/13/2021,2 Tahun - 6 Bulan - 27 Hari,8/12/2023,12.4,88,TIDAK
1658,NEYSA ASSYFA ZAHIRA ,1,4/7/2023,0 Tahun - 3 Bulan - 27 Hari,8/4/2023,5.6,59,TIDAK
1659,Nike ,1,5/6/2019,4 Tahun - 3 Bulan - 5 Hari,8/11/2023,11.5,96.4,TIDAK
1660,NIKEN ,1,12/2/2020,2 Tahun - 8 Bulan - 19 Hari,8/22/2023,11.5,90,TIDAK
1661,NIKEN ,1,2/28/2019,4 Tahun - 5 Bulan - 16 Hari,8/16/2023,15.3,110,TIDAK
1662,NIKOLAS MAUMABE ,0,1/30/2019,3 Tahun - 0 Bulan - 12 Hari,2/11/2022,12,87.4,IYA
1663,NILAM AZKIA ,1,8/17/2022,0 Tahun - 11 Bulan - 29 Hari,8/16/2023,8.7,71,TIDAK
1664,NINA SETIANA P ,1,6/11/2019,4 Tahun - 2 Bulan - 5 Hari,8/16/2023,16,104,TIDAK
1665,NINDY ,1,4/16/2019,4 Tahun - 4 Bulan - 0 Hari,8/16/2023,15.8,106,TIDAK
1666,NISWATUN ,1,10/29/2021,1 Tahun - 9 Bulan - 16 Hari,8/16/2023,11.2,84,TIDAK
1667,Nizam  ,0,6/26/2019,4 Tahun - 1 Bulan - 20 Hari,8/16/2023,14,102,TIDAK
1668,NIZAM ,0,4/23/2020,3 Tahun - 3 Bulan - 22 Hari,8/16/2023,15.6,99,TIDAK
1669,NO KONIS ,0,11/14/2020,1 Tahun - 2 Bulan - 25 Hari,2/9/2022,9,71.7,IYA
1670,NOFAN NADIAN TORO ,0,10/5/2021,1 Tahun - 10 Bulan - 4 Hari,8/10/2023,12,84.5,TIDAK
1671,NOR ELIZA ,1,7/30/2020,3 Tahun - 0 Bulan - 16 Hari,8/16/2023,14.9,102,TIDAK
1672,NOVI A FUNAN ,0,11/6/2017,4 Tahun - 3 Bulan - 1 Hari,2/7/2022,12.3,91.1,IYA
1673,NOVREN B. NAISOKO ,0,11/4/2018,3 Tahun - 3 Bulan - 7 Hari,2/11/2022,10.9,89.1,IYA
1674,NUFRI N. NABUNOME ,1,11/19/2018,3 Tahun - 2 Bulan - 26 Hari,2/14/2022,11,85.4,IYA
1675,NUR AFIFAH  ,1,12/5/2019,3 Tahun - 8 Bulan - 5 Hari,8/11/2023,12,92.5,TIDAK
1676,NUR AFIFAH  ,1,3/30/2019,4 Tahun - 4 Bulan - 12 Hari,8/11/2023,11.1,96.5,TIDAK
1677,NUR AINI AFIDA ,1,2/1/2019,4 Tahun - 6 Bulan - 13 Hari,8/16/2023,17,108,TIDAK
1678,NUR AISYAH ,1,2/9/2021,2 Tahun - 6 Bulan - 2 Hari,8/14/2023,10.4,84,TIDAK
1679,NUR AZIZAH ,1,6/21/2021,2 Tahun - 1 Bulan - 13 Hari,8/4/2023,11.5,84,TIDAK
1680,NUR DIANA FITA ,1,1/11/2021,2 Tahun - 6 Bulan - 28 Hari,8/11/2023,9.5,85,TIDAK
1681,NUR FAIZAH  ,1,3/1/2020,3 Tahun - 5 Bulan - 13 Hari,8/14/2023,15,91,TIDAK
1682,NUR HAFIZAH ,1,12/24/2018,4 Tahun - 7 Bulan - 16 Hari,8/11/2023,14.4,98,TIDAK
1683,NUR ISMATUL QOMARIAH ,1,7/3/2019,4 Tahun - 1 Bulan - 7 Hari,8/10/2023,11.1,95,TIDAK
1684,nur jamilah ,1,9/11/2020,2 Tahun - 10 Bulan - 21 Hari,8/3/2023,14,99,TIDAK
1685,NUR KHAIFAH ,1,1/21/2023,0 Tahun - 6 Bulan - 22 Hari,8/14/2023,6.5,66,TIDAK
1686,NUR KHOLIFATUL ,1,8/11/2018,5 Tahun - 0 Bulan - 2 Hari,8/14/2023,14.3,101.3,TIDAK
1687,NUR LAILA TUZZEHRO ,1,9/7/2022,0 Tahun - 11 Bulan - 8 Hari,8/16/2023,8.7,72,TIDAK
1688,NUR MUHAMMAD NADIF AL JAZULI  ,0,11/2/2020,2 Tahun - 9 Bulan - 3 Hari,8/7/2023,12.7,90,TIDAK
1689,NURAINI AZKAIDNA KHANZA ,1,3/3/2023,0 Tahun - 5 Bulan - 0 Hari,8/3/2023,6.7,65,TIDAK
1690,NUREKA AGUSTIN ,1,7/1/2021,2 Tahun - 1 Bulan - 15 Hari,8/16/2023,12.9,88,TIDAK
1691,NURFADILA ,1,12/1/2019,3 Tahun - 8 Bulan - 14 Hari,8/16/2023,14.2,101,TIDAK
1692,NURHABIBAH ,1,9/26/2022,0 Tahun - 10 Bulan - 19 Hari,8/16/2023,8.3,73,TIDAK
1693,NURHALILA ,1,6/10/2020,3 Tahun - 2 Bulan - 5 Hari,8/16/2023,10.8,95,TIDAK
1694,Nurhayati  ,1,9/21/2018,4 Tahun - 10 Bulan - 24 Hari,8/16/2023,15.2,108,TIDAK
1695,Nurhayati  ,1,9/21/2018,4 Tahun - 10 Bulan - 24 Hari,8/16/2023,12.5,98,IYA
1696,NURHOLIFA ,1,1/12/2022,1 Tahun - 7 Bulan - 2 Hari,8/16/2023,10.8,79,TIDAK
1697,NURI ,1,4/17/2019,4 Tahun - 3 Bulan - 29 Hari,8/16/2023,16.2,113,TIDAK
1698,Nuril  ,1,8/23/2019,3 Tahun - 11 Bulan - 23 Hari,8/16/2023,13.9,100,TIDAK
1699,NURIL MAULIDATUN ,1,5/4/2019,4 Tahun - 3 Bulan - 7 Hari,8/11/2023,12.8,100,TIDAK
1700,nuris ,1,12/27/2020,2 Tahun - 7 Bulan - 18 Hari,8/16/2023,12.3,92,TIDAK
1701,NURISLATUL AFIFAH ,1,5/9/2022,1 Tahun - 3 Bulan - 7 Hari,8/16/2023,8.4,76,TIDAK
1702,NURJANNAH CAHYATI ,1,1/9/2021,2 Tahun - 6 Bulan - 23 Hari,8/4/2023,13,96,TIDAK
1703,NURLAILI IZZA A ,1,12/27/2022,0 Tahun - 7 Bulan - 18 Hari,8/16/2023,7.9,69,TIDAK
1704,NURMADINA ,1,9/21/2019,3 Tahun - 10 Bulan - 24 Hari,8/16/2023,15.4,105,TIDAK
1705,NURQOMARIAH ,0,7/7/2020,3 Tahun - 1 Bulan - 2 Hari,8/10/2023,11,89.8,TIDAK
1706,NURUL HUDA ,0,7/11/2019,4 Tahun - 1 Bulan - 5 Hari,8/16/2023,15.2,105,TIDAK
1707,NY HUSNAWIYAH ,1,1/9/2023,0 Tahun - 7 Bulan - 1 Hari,8/12/2023,7.4,65,TIDAK
1708,okta humairo ,1,10/28/2022,0 Tahun - 9 Bulan - 18 Hari,8/16/2023,7.7,68,TIDAK
1709,OKTAFIANTRI AMASANAN ,1,10/19/2017,4 Tahun - 3 Bulan - 21 Hari,2/9/2022,11.4,94.2,IYA
1710,OKTAVIANA SENGKOEN ,1,10/2/2017,4 Tahun - 4 Bulan - 15 Hari,2/16/2022,12,93.2,IYA
1711,OKTAVIANA ,1,10/15/2018,4 Tahun - 10 Bulan - 0 Hari,8/16/2023,14.7,102,TIDAK
1712,OKTOVIANUS TNAAUNI ,0,10/31/2019,2 Tahun - 3 Bulan - 20 Hari,2/19/2022,9.3,82.9,IYA
1713,OLIFIYAH ,1,8/13/2021,2 Tahun - 0 Bulan - 2 Hari,8/16/2023,10.1,85,TIDAK
1714,Olive F. Fallo ,1,10/5/2017,4 Tahun - 4 Bulan - 12 Hari,2/16/2022,11.6,93.6,IYA
1715,OLIVIA NAITILI ,1,10/12/2020,1 Tahun - 4 Bulan - 6 Hari,2/17/2022,8.8,76.6,IYA
1716,OLIVIA SUNI ,1,1/26/2018,4 Tahun - 0 Bulan - 22 Hari,2/17/2022,11.6,90.2,IYA
1717,ORLANDO OELEU ,0,10/4/2018,3 Tahun - 4 Bulan - 13 Hari,2/16/2022,11.6,89.3,IYA
1718,PARCIA K.PULE ,1,4/13/2018,3 Tahun - 9 Bulan - 28 Hari,2/9/2022,12,91,IYA
1719,Parfis ,1,1/23/2020,3 Tahun - 6 Bulan - 22 Hari,8/16/2023,21,96,TIDAK
1720,PAULA C KOLO ,1,1/25/2020,2 Tahun - 0 Bulan - 15 Hari,2/9/2022,7.5,74.1,IYA
1721,PAULA TNOMAT ,1,2/6/2020,2 Tahun - 0 Bulan - 9 Hari,2/15/2022,9.1,79.5,IYA
1722,PETRUS SAIJAO ,0,5/27/2019,2 Tahun - 8 Bulan - 16 Hari,2/10/2022,11,85.8,IYA
1723,PRADIPTA RAKA  ,1,2/24/2020,3 Tahun - 5 Bulan - 16 Hari,8/11/2023,13.2,93,TIDAK
1724,PRISILA D. NAITILI ,1,9/22/2017,4 Tahun - 5 Bulan - 0 Hari,2/22/2022,13.3,95,IYA
1725,PURDIYANTO ,0,12/30/2019,3 Tahun - 7 Bulan - 10 Hari,8/10/2023,15.9,99,TIDAK
1726,PUSPO NUGROHO ,0,9/4/2019,3 Tahun - 11 Bulan - 6 Hari,8/11/2023,16.1,103,TIDAK
1727,PUTRA ,0,4/2/2022,1 Tahun - 4 Bulan - 2 Hari,8/4/2023,10.8,79,TIDAK
1728,PUTRA ,0,9/1/2018,4 Tahun - 11 Bulan - 14 Hari,8/16/2023,16.1,111,TIDAK
1729,PUTRI AULIA ,1,5/21/2021,2 Tahun - 2 Bulan - 29 Hari,8/20/2023,12.6,90,TIDAK
1730,Putri Aulia ,1,10/24/2018,4 Tahun - 9 Bulan - 22 Hari,8/16/2023,19.1,105,TIDAK
1731,PUTRI AURELIA KHINANDITA ,1,5/29/2022,1 Tahun - 2 Bulan - 7 Hari,8/6/2023,9.5,74,TIDAK
1732,PUTRI AYUNI ,1,1/28/2021,2 Tahun - 6 Bulan - 16 Hari,8/16/2023,14.3,94,TIDAK
1733,PUTRI VIONA ,1,1/27/2023,0 Tahun - 6 Bulan - 18 Hari,8/16/2023,7.1,63,TIDAK
1734,putri ,1,8/25/2022,0 Tahun - 11 Bulan - 21 Hari,8/16/2023,8.3,72,TIDAK
1735,PUTRI ,1,5/21/2020,3 Tahun - 2 Bulan - 25 Hari,8/16/2023,13.2,95,TIDAK
1736,QANITA RIZKA MAISAROH ,1,8/28/2022,0 Tahun - 11 Bulan - 18 Hari,8/16/2023,9.1,71,TIDAK
1737,QIANA NAFISA SALWA ,1,2/19/2019,4 Tahun - 5 Bulan - 25 Hari,8/16/2023,16.5,107,TIDAK
1738,qiana ,1,3/21/2023,0 Tahun - 4 Bulan - 26 Hari,8/16/2023,5.7,61,TIDAK
1739,QIANA ,1,4/18/2021,2 Tahun - 3 Bulan - 16 Hari,8/4/2023,13,94,TIDAK
1740,Qinandia ,1,4/23/2022,1 Tahun - 3 Bulan - 23 Hari,8/16/2023,8,71,IYA
1741,QONITA RISKA MAYSAROH ,0,8/4/2022,1 Tahun - 0 Bulan - 1 Hari,8/6/2023,9,73,TIDAK
1742,QRITANTO L. NAIKOSAT ,0,8/21/2019,2 Tahun - 5 Bulan - 20 Hari,2/9/2022,10.3,81.7,IYA
1743,QUEENSHA AMARA A ,1,8/8/2022,1 Tahun - 0 Bulan - 7 Hari,8/16/2023,9,74,TIDAK
1744,QUEENSHAA AMERAA ,1,2/14/2022,1 Tahun - 5 Bulan - 17 Hari,8/3/2023,10,78,TIDAK
1745,RADEN SUNHAKI ,0,11/23/2019,2 Tahun - 2 Bulan - 22 Hari,2/14/2022,11,82.2,IYA
1746,RADHIKA ZAHRAN  ,0,2/15/2019,4 Tahun - 5 Bulan - 29 Hari,8/16/2023,15,109,TIDAK
1747,RADIANSYAH REVAN  ,0,11/7/2020,2 Tahun - 9 Bulan - 7 Hari,8/16/2023,12.4,94,TIDAK
1748,RADIKA OBET OEMATAN ,0,11/13/2021,0 Tahun - 3 Bulan - 5 Hari,2/18/2022,4,56.7,IYA
1749,Rafa  ,0,11/10/2018,4 Tahun - 9 Bulan - 5 Hari,8/16/2023,15.1,111,TIDAK
1750,RAFA ABDUR RAHMAN ,0,6/10/2021,2 Tahun - 2 Bulan - 1 Hari,8/12/2023,11.9,86,TIDAK
1751,RAFA ABDUR RAHMAN ,0,6/10/2021,2 Tahun - 2 Bulan - 5 Hari,8/16/2023,13.5,93,TIDAK
1752,RAFA FAUZAN KAMIL  ,0,9/12/2020,2 Tahun - 10 Bulan - 28 Hari,8/11/2023,12.7,88.5,TIDAK
1753,RAFA ,0,7/8/2020,3 Tahun - 0 Bulan - 26 Hari,8/4/2023,13,96,TIDAK
1754,RAFA ,0,9/12/2019,3 Tahun - 11 Bulan - 3 Hari,8/16/2023,14.2,102,TIDAK
1755,RAFAH ,0,7/8/2020,3 Tahun - 0 Bulan - 26 Hari,8/4/2023,14.4,97,TIDAK
1756,RAFAN RIKI ADHAYA ,0,9/8/2021,1 Tahun - 11 Bulan - 6 Hari,8/16/2023,11.8,87,TIDAK
1757,RAFARDHAN DESTIAN ALVARO ,0,2/21/2022,1 Tahun - 5 Bulan - 23 Hari,8/16/2023,11.6,76,IYA
1758,Raffasya ahmad f ,0,12/10/2018,4 Tahun - 7 Bulan - 22 Hari,8/3/2023,17.5,106,TIDAK
1759,RAFI AHMAD F ,0,4/8/2020,3 Tahun - 4 Bulan - 7 Hari,8/16/2023,14.5,104,TIDAK
1760,RAFI ,0,2/3/2019,4 Tahun - 5 Bulan - 29 Hari,8/4/2023,14.5,105,TIDAK
1761,RAFIDAN ATARI ,0,2/15/2020,3 Tahun - 5 Bulan - 30 Hari,8/16/2023,15.5,105,TIDAK
1762,RAFIDAN ATARI ,0,12/6/2018,4 Tahun - 8 Bulan - 0 Hari,8/7/2023,17,102.5,TIDAK
1763,RAFIFATUL RIFDA ,1,9/18/2022,0 Tahun - 10 Bulan - 23 Hari,8/12/2023,8.5,69,TIDAK
1764,RAFISKQY RAHAYU AL GHIFANI ,0,1/24/2020,3 Tahun - 6 Bulan - 12 Hari,8/7/2023,11.8,97,TIDAK
1765,RAFISQI F. F ,0,7/3/2022,1 Tahun - 1 Bulan - 1 Hari,8/4/2023,9.5,75,TIDAK
1766,RAFISQY RAHAYU AL GIFARI ,0,12/11/2019,3 Tahun - 7 Bulan - 26 Hari,8/7/2023,12,97,TIDAK
1767,Rahmad raziq ,0,4/23/2019,4 Tahun - 3 Bulan - 23 Hari,8/16/2023,15.7,107,TIDAK
1768,RAIHAN MAWARDI ,0,7/24/2019,4 Tahun - 0 Bulan - 18 Hari,8/11/2023,14.1,97,TIDAK
1769,RAIHAN ,0,6/17/2019,4 Tahun - 1 Bulan - 24 Hari,8/11/2023,12.3,96,TIDAK
1770,RAINA ,1,5/11/2020,3 Tahun - 3 Bulan - 10 Hari,8/22/2023,14.9,100,TIDAK
1771,RAINA ,1,3/22/2019,4 Tahun - 4 Bulan - 13 Hari,8/4/2023,14.5,99,TIDAK
1772,Raisa Salsabila ,1,9/19/2018,4 Tahun - 10 Bulan - 26 Hari,8/16/2023,14.5,98,IYA
1773,RAISA ZEA AZZAHRA ,1,7/3/2023,0 Tahun - 1 Bulan - 13 Hari,8/16/2023,3.9,53,TIDAK
1774,RAISYA KIRANA ,1,2/7/2022,1 Tahun - 6 Bulan - 7 Hari,8/16/2023,11.3,78,TIDAK
1775,RAISYA SALSABILA ,1,8/13/2022,0 Tahun - 11 Bulan - 20 Hari,8/3/2023,9,71,TIDAK
1776,raisya ,1,6/30/2021,2 Tahun - 1 Bulan - 16 Hari,8/16/2023,12.2,89,TIDAK
1777,raisya ,1,5/19/2021,2 Tahun - 2 Bulan - 27 Hari,8/16/2023,13.1,93,TIDAK
1778,raisyah putri ,1,8/9/2019,3 Tahun - 11 Bulan - 24 Hari,8/3/2023,16,108,TIDAK
1779,raival ,0,11/4/2020,2 Tahun - 8 Bulan - 29 Hari,8/4/2023,13.7,94,TIDAK
1780,RAJAYA RAIHAN ,0,8/19/2019,3 Tahun - 11 Bulan - 27 Hari,8/16/2023,15.5,107,TIDAK
1781,RAKA ALBUSTOMI ,0,1/30/2023,0 Tahun - 6 Bulan - 15 Hari,8/16/2023,7.3,65,TIDAK
1782,RAKA BYANTARA ,0,10/2/2022,0 Tahun - 10 Bulan - 11 Hari,8/14/2023,7,70,TIDAK
1783,rama andika ,1,6/4/2020,3 Tahun - 1 Bulan - 29 Hari,8/4/2023,14.6,96,TIDAK
1784,RAMA ,0,5/22/2020,3 Tahun - 2 Bulan - 24 Hari,8/16/2023,12.2,92,TIDAK
1785,Ramadani Ariya Fauzi ,0,5/6/2019,4 Tahun - 3 Bulan - 10 Hari,8/16/2023,13.8,98,TIDAK
1786,RAMADANIS  ,0,5/6/2020,3 Tahun - 3 Bulan - 4 Hari,8/11/2023,20,100,TIDAK
1787,Ramdan Kafa Billah ,0,4/20/2023,0 Tahun - 3 Bulan - 21 Hari,8/11/2023,6.9,60,TIDAK
1788,RAMDAN ,0,4/29/2021,2 Tahun - 3 Bulan - 17 Hari,8/16/2023,13.5,94,TIDAK
1789,RANA AQILA HUMAIRA ,1,4/12/2021,2 Tahun - 3 Bulan - 30 Hari,8/12/2023,12,86,TIDAK
1790,RANI ,1,5/2/2021,2 Tahun - 3 Bulan - 20 Hari,8/22/2023,13,95,TIDAK
1791,Rani ,1,5/5/2020,3 Tahun - 3 Bulan - 14 Hari,8/20/2023,15.7,100,TIDAK
1792,RANIA FADILAH ,1,9/18/2019,3 Tahun - 10 Bulan - 27 Hari,8/16/2023,15.8,105,TIDAK
1793,RANIA PUTRI H ,1,5/22/2023,0 Tahun - 2 Bulan - 23 Hari,8/14/2023,5,57,TIDAK
1794,RANIA ,1,1/27/2020,3 Tahun - 6 Bulan - 18 Hari,8/16/2023,14.3,99,TIDAK
1795,rara ,1,6/1/2023,0 Tahun - 2 Bulan - 15 Hari,8/16/2023,6.2,55,TIDAK
1796,RAVA ,0,5/17/2021,2 Tahun - 2 Bulan - 24 Hari,8/11/2023,10.1,83.5,TIDAK
1797,RAVI ,0,10/28/2022,0 Tahun - 9 Bulan - 24 Hari,8/22/2023,8,70,TIDAK
1798,RAYHAN NUR R ,0,5/29/2019,4 Tahun - 2 Bulan - 18 Hari,8/16/2023,15.5,106,TIDAK
1799,rayna ,1,3/28/2023,0 Tahun - 4 Bulan - 19 Hari,8/16/2023,6.3,60,TIDAK
1800,RAYNA ,1,12/6/2021,1 Tahun - 8 Bulan - 15 Hari,8/22/2023,11,86,TIDAK
1801,rayna ,1,1/7/2021,2 Tahun - 7 Bulan - 7 Hari,8/16/2023,13,94,TIDAK
1802,RAYSA SALSABILA ,1,5/27/2022,1 Tahun - 2 Bulan - 9 Hari,8/6/2023,9,72,TIDAK
1803,RAYYAN AL ,0,6/13/2022,1 Tahun - 1 Bulan - 21 Hari,8/4/2023,9.5,77,TIDAK
1804,rayyan ,0,5/10/2023,0 Tahun - 3 Bulan - 6 Hari,8/16/2023,5.5,57,IYA
1805,Refan ,0,6/15/2020,3 Tahun - 2 Bulan - 0 Hari,8/16/2023,15.4,96,TIDAK
1806,REFAN ,0,1/28/2019,4 Tahun - 6 Bulan - 17 Hari,8/16/2023,16.9,104,TIDAK
1807,REGINA TONBESI ,1,2/13/2017,4 Tahun - 11 Bulan - 28 Hari,2/11/2022,12.9,97.6,IYA
1808,REHAN PAINEON ,0,5/13/2019,2 Tahun - 9 Bulan - 3 Hari,2/14/2022,10.4,82.7,IYA
1809,REHAN ,0,5/15/2022,1 Tahun - 3 Bulan - 1 Hari,8/16/2023,10,76,TIDAK
1810,REHAN ,0,9/2/2020,2 Tahun - 11 Bulan - 18 Hari,8/22/2023,13,95,TIDAK
1811,rehan ,0,1/7/2021,2 Tahun - 7 Bulan - 7 Hari,8/16/2023,13.2,97,TIDAK
1812,REHAN ,0,9/7/2019,3 Tahun - 11 Bulan - 8 Hari,8/16/2023,13.9,100,TIDAK
1813,Rehan ,0,2/8/2020,3 Tahun - 6 Bulan - 6 Hari,8/16/2023,15.4,102,TIDAK
1814,REINA SOFHIYA AQILA ,1,5/13/2021,2 Tahun - 3 Bulan - 1 Hari,8/14/2023,10.2,81.6,TIDAK
1815,REISAKI ,0,4/18/2022,1 Tahun - 3 Bulan - 19 Hari,8/7/2023,11,81,TIDAK
1816,Renata Rosalinda Putri ,1,7/3/2019,4 Tahun - 1 Bulan - 13 Hari,8/16/2023,12,90,IYA
1817,RENDI HANDIKA ,0,5/26/2020,3 Tahun - 2 Bulan - 20 Hari,8/16/2023,13.8,100,TIDAK
1818,RENDI ,1,1/26/2022,1 Tahun - 6 Bulan - 19 Hari,8/16/2023,10.7,77,TIDAK
1819,RENDI ,0,5/9/2021,2 Tahun - 3 Bulan - 7 Hari,8/16/2023,13.6,89,TIDAK
1820,RENDI ,0,12/8/2018,4 Tahun - 8 Bulan - 7 Hari,8/16/2023,16.9,114,TIDAK
1821,RENO ,0,11/24/2018,4 Tahun - 8 Bulan - 21 Hari,8/16/2023,15.8,110,TIDAK
1822,RESVAN ALFA ,0,12/7/2019,3 Tahun - 8 Bulan - 8 Hari,8/16/2023,14.6,106,TIDAK
1823,Revan Nule ,0,6/10/2018,3 Tahun - 8 Bulan - 3 Hari,2/12/2022,11.7,88.6,IYA
1824,REVAN RADITYA F ,0,11/7/2022,0 Tahun - 9 Bulan - 8 Hari,8/16/2023,7.7,70,TIDAK
1825,Revina Avivatur Reskiyah ,1,9/4/2018,4 Tahun - 11 Bulan - 11 Hari,8/16/2023,14,96,IYA
1826,REVINA NURAISYAH ,0,9/30/2022,0 Tahun - 10 Bulan - 15 Hari,8/16/2023,8.5,72,TIDAK
1827,REYSYA ,1,5/23/2021,2 Tahun - 2 Bulan - 23 Hari,8/16/2023,10.9,88,TIDAK
1828,REYZAKI RYUGA R ,0,4/18/2022,1 Tahun - 3 Bulan - 28 Hari,8/16/2023,10.7,77,TIDAK
1829,REZA ,0,4/19/2022,1 Tahun - 3 Bulan - 27 Hari,8/16/2023,9.2,77,TIDAK
1830,RIANI FITRIA ,1,5/17/2023,0 Tahun - 2 Bulan - 30 Hari,8/16/2023,5.3,56,TIDAK
1831,RIFAN ALI NUR  ,0,5/21/2021,2 Tahun - 2 Bulan - 25 Hari,8/16/2023,12.6,88,TIDAK
1832,RIFKI ,0,3/4/2022,1 Tahun - 5 Bulan - 12 Hari,8/16/2023,10.4,77,TIDAK
1833,RIKARDUS METBOKI ,0,6/23/2018,3 Tahun - 7 Bulan - 26 Hari,2/17/2022,12,90.5,IYA
1834,RINA NOVITA AGSTIN ,1,8/17/2022,0 Tahun - 11 Bulan - 29 Hari,8/16/2023,9.6,72,TIDAK
1835,RINDI KASYA RISKI ,1,10/4/2019,3 Tahun - 9 Bulan - 29 Hari,8/3/2023,16,102,TIDAK
1836,RIO ,0,10/18/2020,2 Tahun - 9 Bulan - 27 Hari,8/16/2023,14.4,94,TIDAK
1837,Risa Zaina ,1,3/17/2022,1 Tahun - 4 Bulan - 25 Hari,8/11/2023,9.7,78,TIDAK
1838,RISA ,1,3/15/2020,3 Tahun - 4 Bulan - 29 Hari,8/14/2023,12.8,91,TIDAK
1839,RISKA NILAM HOIRIYAH ,1,7/20/2019,4 Tahun - 0 Bulan - 21 Hari,8/10/2023,13.5,97,TIDAK
1840,RISKI ABDURAHMAN ,0,5/11/2021,2 Tahun - 3 Bulan - 5 Hari,8/16/2023,13,93,TIDAK
1841,RISKI ,0,6/28/2020,3 Tahun - 1 Bulan - 23 Hari,8/22/2023,14.9,101,TIDAK
1842,Riskia ,1,4/15/2020,3 Tahun - 4 Bulan - 0 Hari,8/16/2023,12.8,90,TIDAK
1843,RISKINAR ROHMA M ,1,4/18/2021,2 Tahun - 3 Bulan - 28 Hari,8/16/2023,13.5,87,TIDAK
1844,RISKULLAH ,0,2/9/2019,4 Tahun - 6 Bulan - 5 Hari,8/16/2023,14.6,104,TIDAK
1845,RISWAN PRIMADANA ,0,10/3/2019,3 Tahun - 10 Bulan - 0 Hari,8/4/2023,16,104,TIDAK
1846,RIYANI DWI ,1,1/6/2019,4 Tahun - 7 Bulan - 3 Hari,8/11/2023,13,100,TIDAK
1847,RIYATUS SHOLIHIN ,0,3/15/2019,4 Tahun - 4 Bulan - 23 Hari,8/7/2023,15.7,99,TIDAK
1848,RIZAL ZAQARIYAH ,0,1/3/2022,1 Tahun - 7 Bulan - 11 Hari,8/16/2023,10.8,88,TIDAK
1849,RIZAN ZAHRA A ,1,10/10/2020,2 Tahun - 9 Bulan - 26 Hari,8/7/2023,11.6,95,TIDAK
1850,RIZKI MAULANA ,0,10/12/2021,1 Tahun - 9 Bulan - 27 Hari,8/10/2023,10,81,TIDAK
1851,RIZKY ADITYA ,0,8/14/2018,5 Tahun - 0 Bulan - 1 Hari,8/16/2023,16.2,111,TIDAK
1852,ROBERTUS B METBOKI ,0,9/23/2019,2 Tahun - 4 Bulan - 25 Hari,2/17/2022,10.4,83.4,IYA
1853,ROBI ALFAIDURRAHMAN ,0,7/18/2022,1 Tahun - 0 Bulan - 28 Hari,8/16/2023,9.8,82,TIDAK
1854,robi ,0,4/18/2022,1 Tahun - 3 Bulan - 28 Hari,8/16/2023,10.2,79,TIDAK
1855,ROBIATUL ADAWIYAH ,1,5/27/2022,1 Tahun - 2 Bulan - 19 Hari,8/16/2023,9.7,77,TIDAK
1856,ROBIATUL ADAWIYAH ,1,2/24/2021,2 Tahun - 5 Bulan - 20 Hari,8/16/2023,14.3,94,TIDAK
1857,ROBIATUL ADAWIYAH ,1,10/22/2019,3 Tahun - 9 Bulan - 24 Hari,8/16/2023,14.9,106,TIDAK
1858,ROBIATUL H ,1,12/25/2019,3 Tahun - 7 Bulan - 25 Hari,8/20/2023,13.4,102,TIDAK
1859,ROBIATUL ,1,12/9/2018,4 Tahun - 8 Bulan - 1 Hari,8/11/2023,14.4,100,TIDAK
1860,ROBY ,0,9/9/2019,3 Tahun - 11 Bulan - 6 Hari,8/16/2023,13.8,99,TIDAK
1861,rofi ,0,12/23/2021,1 Tahun - 7 Bulan - 22 Hari,8/16/2023,10.7,82,TIDAK
1862,ROFIATUR R ,1,8/7/2019,4 Tahun - 0 Bulan - 9 Hari,8/16/2023,15.9,105,TIDAK
1863,ROHMA ,1,12/24/2020,2 Tahun - 7 Bulan - 27 Hari,8/22/2023,11.4,87,TIDAK
1864,ROHMAN HIDAYATULLAH ,0,7/15/2019,4 Tahun - 1 Bulan - 1 Hari,8/16/2023,15.7,102,TIDAK
1865,RONALDI NAITILI ,0,8/26/2018,3 Tahun - 5 Bulan - 25 Hari,2/19/2022,11.5,91,IYA
1866,RORO AYU MAULIDA P ,1,3/22/2020,3 Tahun - 4 Bulan - 24 Hari,8/16/2023,15.7,103,TIDAK
1867,RORO AYU MP ,1,3/22/2020,3 Tahun - 4 Bulan - 18 Hari,8/10/2023,12.7,92.5,TIDAK
1868,RORO ,0,2/14/2022,1 Tahun - 5 Bulan - 26 Hari,8/12/2023,11.5,84,TIDAK
1869,RUDIGEL NAILAPE ,0,9/15/2017,4 Tahun - 4 Bulan - 25 Hari,2/9/2022,11.5,93.8,IYA
1870,RUNASARI KOESWOYO ALIF  ,1,7/4/2021,2 Tahun - 1 Bulan - 8 Hari,8/12/2023,11.7,84,TIDAK
1871,RUSYDA RAINA AZALIA ,1,12/8/2022,0 Tahun - 8 Bulan - 7 Hari,8/16/2023,7.7,66,TIDAK
1872,ruzain haris a ,0,1/30/2021,2 Tahun - 6 Bulan - 1 Hari,8/3/2023,14,91,TIDAK
1873,RUZAIN HARIS TAHIR ,0,1/30/2021,2 Tahun - 6 Bulan - 1 Hari,8/3/2023,13.7,91,TIDAK
1874,SABIBUL HAK ,0,2/21/2019,4 Tahun - 5 Bulan - 23 Hari,8/16/2023,14.1,101,TIDAK
1875,sabiyan ,0,12/22/2021,1 Tahun - 7 Bulan - 23 Hari,8/16/2023,11.1,79,TIDAK
1876,SAFINATUN ADAWIYAH ,1,8/27/2019,3 Tahun - 11 Bulan - 17 Hari,8/14/2023,12.5,94.6,TIDAK
1877,safira aida azzahra ,0,4/21/2020,3 Tahun - 3 Bulan - 11 Hari,8/3/2023,15,103,TIDAK
1878,SAFIRA AIDA AZZAHRA ,1,4/23/2022,1 Tahun - 3 Bulan - 23 Hari,8/16/2023,10.4,80,TIDAK
1879,SAGARA ALAN BISMAN ALMALIKI ,0,2/24/2023,0 Tahun - 5 Bulan - 20 Hari,8/16/2023,7.7,68,TIDAK
1880,SAIDA ,1,8/2/2022,1 Tahun - 0 Bulan - 13 Hari,8/16/2023,9.3,72,TIDAK
1881,Saida ,1,10/11/2021,1 Tahun - 9 Bulan - 29 Hari,8/11/2023,10.9,80,TIDAK
1882,SAIDAH KARIMAH ,0,11/7/2022,0 Tahun - 9 Bulan - 8 Hari,8/16/2023,8.1,68,TIDAK
1883,SAIDAH NAVROH LA ,1,2/13/2019,4 Tahun - 5 Bulan - 18 Hari,8/3/2023,17,106,TIDAK
1884,SAIFUL ANAM ,0,4/18/2020,3 Tahun - 3 Bulan - 15 Hari,8/4/2023,14.5,97,TIDAK
1885,SAIFUL BAHRI ,0,7/22/2019,4 Tahun - 0 Bulan - 16 Hari,8/7/2023,14.8,98.5,TIDAK
1886,Saiful bahri ,0,6/8/2019,4 Tahun - 2 Bulan - 8 Hari,8/16/2023,15.3,102,TIDAK
1887,SAKALINGGA IBRA ,0,11/19/2020,2 Tahun - 8 Bulan - 26 Hari,8/16/2023,14.7,94,TIDAK
1888,Salestina Tahoni ,1,7/30/2017,4 Tahun - 6 Bulan - 13 Hari,2/11/2022,13.6,96.3,IYA
1889,SALMA NUR ALIYA ,1,12/20/2022,0 Tahun - 7 Bulan - 25 Hari,8/16/2023,7.9,68,TIDAK
1890,SALMA SAQINAH HUMAIROH ,1,7/10/2021,2 Tahun - 0 Bulan - 27 Hari,8/7/2023,9.4,81,TIDAK
1891,SALMA YUDA W ,1,4/23/2021,2 Tahun - 3 Bulan - 10 Hari,8/3/2023,13,90,TIDAK
1892,SALMAN ALFA ,0,11/12/2022,0 Tahun - 9 Bulan - 3 Hari,8/16/2023,8.5,70,TIDAK
1893,salman faris ,0,1/3/2019,4 Tahun - 7 Bulan - 6 Hari,8/11/2023,15.2,103.2,TIDAK
1894,SALSABILA NADIFAH ,1,3/10/2021,2 Tahun - 4 Bulan - 24 Hari,8/4/2023,12.7,88,TIDAK
1895,SALSABILA ,1,10/29/2019,3 Tahun - 9 Bulan - 5 Hari,8/4/2023,15.7,107,TIDAK
1896,SALSABILUNA RISMA M ,1,1/14/2020,3 Tahun - 7 Bulan - 1 Hari,8/16/2023,15.4,102,TIDAK
1897,samil ,0,9/22/2020,2 Tahun - 10 Bulan - 11 Hari,8/4/2023,13.8,94,TIDAK
1898,samsul huda ,0,12/3/2020,2 Tahun - 8 Bulan - 2 Hari,8/6/2023,13,92,TIDAK
1899,SANDIAGO KOLO ,0,10/30/2019,2 Tahun - 3 Bulan - 23 Hari,2/21/2022,9.9,78.8,IYA
1900,SARIFATUL ASKIA ,1,3/6/2019,4 Tahun - 4 Bulan - 29 Hari,8/4/2023,25.6,105,TIDAK
1901,SAYYIDAH NISWAH FIRDUSIYYAH ,1,2/17/2022,1 Tahun - 5 Bulan - 15 Hari,8/4/2023,10.8,81,TIDAK
1902,SAYYIDATUN RISKIYAH ,1,9/21/2020,2 Tahun - 10 Bulan - 15 Hari,8/7/2023,15.7,96,TIDAK
1903,SEBASTIAN LOIN ,0,1/24/2021,1 Tahun - 0 Bulan - 16 Hari,2/10/2022,6.8,70.6,IYA
1904,SEFANIA OMENU ,1,5/30/2017,4 Tahun - 8 Bulan - 12 Hari,2/10/2022,13,93.2,IYA
1905,SELINA DWI MAHARANI ,1,1/3/2019,4 Tahun - 7 Bulan - 11 Hari,8/16/2023,16.3,109,TIDAK
1906,SEPTIALIKA L. NAILAKE ,1,9/16/2020,1 Tahun - 4 Bulan - 29 Hari,2/14/2022,7,72.3,IYA
1907,SEPTIAN HAIKAL ,0,9/16/2018,4 Tahun - 10 Bulan - 25 Hari,8/12/2023,16.9,105,TIDAK
1908,SEPTIANO BANA ,0,9/22/2019,2 Tahun - 4 Bulan - 16 Hari,2/7/2022,9.6,78.6,IYA
1909,SEPTIAWAN DWI P ,0,9/8/2020,2 Tahun - 11 Bulan - 4 Hari,8/14/2023,13.7,89,TIDAK
1910,SERAPHIONA SERAN ,1,3/21/2020,1 Tahun - 10 Bulan - 20 Hari,2/9/2022,8.9,77.6,IYA
1911,SERAVINA NAIHELI ,1,9/6/2018,3 Tahun - 5 Bulan - 16 Hari,2/21/2022,11.6,89.7,IYA
1912,SERILIUS G SAIJAO ,0,3/18/2019,2 Tahun - 10 Bulan - 25 Hari,2/10/2022,10.6,86.1,IYA
1913,SERLI DWI A ,1,8/8/2018,5 Tahun - 0 Bulan - 7 Hari,8/16/2023,16.2,109,TIDAK
1914,SHABIL ALI IBRAHIM ,0,9/9/2021,1 Tahun - 11 Bulan - 5 Hari,8/16/2023,11.5,87,TIDAK
1915,SHARENA GELU ,1,4/9/2017,4 Tahun - 10 Bulan - 13 Hari,2/21/2022,12.1,92.5,IYA
1916,SHELVI ,1,9/9/2020,2 Tahun - 11 Bulan - 11 Hari,8/22/2023,12.7,96,TIDAK
1917,SHERLI S ,1,10/14/2019,3 Tahun - 9 Bulan - 19 Hari,8/3/2023,15.7,104,TIDAK
1918,SHOFIYATUL BARIKAH ,1,11/29/2021,1 Tahun - 8 Bulan - 16 Hari,8/16/2023,10.8,88,TIDAK
1919,Silfi ,1,4/12/2020,3 Tahun - 4 Bulan - 3 Hari,8/16/2023,10.1,96,TIDAK
1920,SILVERIUS E. SENGKOEN ,0,6/20/2018,3 Tahun - 7 Bulan - 28 Hari,2/16/2022,13.4,92,IYA
1921,SILVI ALFARIZKIYA ,1,6/8/2022,1 Tahun - 2 Bulan - 1 Hari,8/10/2023,7.2,71.5,TIDAK
1922,SILVI ,1,12/12/2021,1 Tahun - 8 Bulan - 3 Hari,8/16/2023,10.1,78,TIDAK
1923,SILVIA ,1,12/24/2022,0 Tahun - 7 Bulan - 21 Hari,8/16/2023,7.1,70,TIDAK
1924,SINDI ,1,3/15/2019,4 Tahun - 5 Bulan - 1 Hari,8/16/2023,14,99,TIDAK
1925,SINTA BELLA ,1,9/4/2021,1 Tahun - 11 Bulan - 10 Hari,8/16/2023,12.8,90,TIDAK
1926,SINTIA  ,1,1/10/2019,4 Tahun - 7 Bulan - 4 Hari,8/16/2023,15.1,103,TIDAK
1927,SIROJUDIN ,0,3/2/2020,3 Tahun - 5 Bulan - 5 Hari,8/7/2023,13.7,99,TIDAK
1928,SISIL ,1,12/4/2021,1 Tahun - 8 Bulan - 11 Hari,8/16/2023,11,82,TIDAK
1929,SISILIA TUTU ,1,6/2/2019,2 Tahun - 8 Bulan - 9 Hari,2/9/2022,10.1,82.8,IYA
1930,SIT HOTIJAH ,0,1/27/2023,0 Tahun - 6 Bulan - 18 Hari,8/16/2023,8.1,66,TIDAK
1931,SITI AINUN NISA ,1,5/29/2020,3 Tahun - 2 Bulan - 4 Hari,8/3/2023,14.6,100,TIDAK
1932,SITI AISYAH ,1,4/7/2019,4 Tahun - 4 Bulan - 7 Hari,8/14/2023,14.8,100,TIDAK
1933,SITI AISYAH ,1,3/10/2021,2 Tahun - 5 Bulan - 6 Hari,8/16/2023,12.8,102,TIDAK
1934,SITI ANISATUL F  ,1,5/8/2021,2 Tahun - 3 Bulan - 3 Hari,8/11/2023,10.6,82,TIDAK
1935,SITI ARIANA RAHTIA ,1,3/11/2023,0 Tahun - 4 Bulan - 30 Hari,8/10/2023,7.6,60,TIDAK
1936,SITI FATIMAH ,1,6/5/2021,2 Tahun - 2 Bulan - 6 Hari,8/12/2023,11.7,83,TIDAK
1937,Siti Halima ,1,8/27/2021,1 Tahun - 11 Bulan - 13 Hari,8/11/2023,10.7,80,TIDAK
1938,Siti hanifah ,1,2/6/2019,4 Tahun - 5 Bulan - 25 Hari,8/3/2023,17.4,108,TIDAK
1939,Siti hanifah ,1,2/6/2019,4 Tahun - 5 Bulan - 29 Hari,8/7/2023,12.5,98.5,TIDAK
1940,SITI HUMAIRO ,1,7/23/2022,1 Tahun - 0 Bulan - 23 Hari,8/16/2023,10.5,74,TIDAK
1941,SITI HUMAIROH ,1,12/2/2021,1 Tahun - 8 Bulan - 13 Hari,8/16/2023,11.6,80,TIDAK
1942,SITI KHAULAH AZZAHRA ,1,10/28/2020,2 Tahun - 9 Bulan - 17 Hari,8/16/2023,11.4,96,TIDAK
1943,SITI LAILATUL NADIFA ,1,5/15/2022,1 Tahun - 3 Bulan - 1 Hari,8/16/2023,7.9,74,TIDAK
1944,siti maulidatul h ,1,7/1/2020,3 Tahun - 1 Bulan - 1 Hari,8/3/2023,15,99,TIDAK
1945,siti nalisa ,1,3/22/2023,0 Tahun - 4 Bulan - 25 Hari,8/16/2023,5.5,58,IYA
1946,SITI NUR AFIF ,1,11/28/2019,3 Tahun - 8 Bulan - 17 Hari,8/16/2023,13.3,99,TIDAK
1947,SITI NURAFIFAH ,1,11/12/2020,2 Tahun - 9 Bulan - 2 Hari,8/16/2023,12.3,92,TIDAK
1948,Siti nurhafidzah ,1,2/29/2020,3 Tahun - 5 Bulan - 16 Hari,8/16/2023,13.9,99,TIDAK
1949,SITI NURHASANAH ,1,2/25/2019,4 Tahun - 5 Bulan - 19 Hari,8/16/2023,17.7,102,TIDAK
1950,siti raisya ,1,11/1/2021,1 Tahun - 9 Bulan - 13 Hari,8/16/2023,11.2,87,TIDAK
1951,SITI RATIH ROFIATUL ,1,7/1/2020,3 Tahun - 1 Bulan - 1 Hari,8/3/2023,15,99,TIDAK
1952,SITI ROFIDATUL SOFIA ,1,9/10/2021,1 Tahun - 10 Bulan - 22 Hari,8/3/2023,10.7,90,TIDAK
1953,SITI SA ,1,3/27/2020,3 Tahun - 4 Bulan - 19 Hari,8/16/2023,11.8,103,TIDAK
1954,SITI SOLEHA ,1,1/17/2021,2 Tahun - 6 Bulan - 27 Hari,8/16/2023,14.2,94,TIDAK
1955,SITI WARDATUL HASANAH ,1,2/15/2021,2 Tahun - 5 Bulan - 29 Hari,8/16/2023,14.2,91,TIDAK
1956,SLAMET HASYIM AS ,0,11/7/2020,2 Tahun - 9 Bulan - 3 Hari,8/12/2023,12.6,92,TIDAK
1957,SOBIRIN ,0,5/23/2020,3 Tahun - 2 Bulan - 23 Hari,8/16/2023,15.1,101,TIDAK
1958,SOLEHUDIN ,0,5/30/2021,2 Tahun - 2 Bulan - 16 Hari,8/16/2023,12.5,91,TIDAK
1959,SOVIA GITHA SALSABILA ,1,8/23/2022,0 Tahun - 11 Bulan - 17 Hari,8/10/2023,8.4,72,TIDAK
1960,SRI WAHYUNI A ,1,4/25/2022,1 Tahun - 3 Bulan - 21 Hari,8/16/2023,9.1,77,TIDAK
1961,ST AMINA ALAISHA ,1,5/25/2019,4 Tahun - 2 Bulan - 16 Hari,8/10/2023,13,100,TIDAK
1962,ST INDAH AMELIA R ,1,9/15/2021,1 Tahun - 10 Bulan - 24 Hari,8/10/2023,8.5,80,TIDAK
1963,ST KHOLIFATUN NISA ,0,11/18/2019,3 Tahun - 8 Bulan - 21 Hari,8/10/2023,11.4,93.5,TIDAK
1964,ST RAHAYU ,1,3/12/2019,4 Tahun - 4 Bulan - 29 Hari,8/10/2023,14.5,100,TIDAK
1965,STEFANIA A. SANIT ,1,11/18/2019,2 Tahun - 2 Bulan - 21 Hari,2/8/2022,9,79.3,IYA
1966,STEFANIA OLA ,1,5/25/2020,1 Tahun - 8 Bulan - 17 Hari,2/10/2022,8.4,76,IYA
1967,STEFANUS TAKUA ,0,2/26/2019,2 Tahun - 11 Bulan - 20 Hari,2/16/2022,10.5,85.1,IYA
1968,STEVEN J. METBOKI ,0,1/31/2021,1 Tahun - 0 Bulan - 17 Hari,2/18/2022,7.6,71,IYA
1969,STEVEN RAFAEL ,0,4/9/2021,2 Tahun - 4 Bulan - 6 Hari,8/16/2023,13.6,92,TIDAK
1970,SULTON ,0,2/24/2020,3 Tahun - 5 Bulan - 21 Hari,8/16/2023,15.6,106,TIDAK
1971,syafa ,1,1/13/2022,1 Tahun - 7 Bulan - 1 Hari,8/16/2023,11.9,85,TIDAK
1972,SYAFIRA NIANSA PUTRI ,1,3/29/2020,3 Tahun - 4 Bulan - 13 Hari,8/12/2023,14.5,98,TIDAK
1973,Syahida karimatul h ,1,8/16/2018,4 Tahun - 11 Bulan - 17 Hari,8/3/2023,17.4,111,TIDAK
1974,SYAKILA NAURA ADZKIYA ,1,5/16/2022,1 Tahun - 2 Bulan - 20 Hari,8/6/2023,9,72,TIDAK
1975,SYAQILA KANZA T ,1,2/13/2020,3 Tahun - 5 Bulan - 28 Hari,8/12/2023,13.7,96,TIDAK
1976,SYARIF AGATA AMMAR ,0,7/20/2023,0 Tahun - 0 Bulan - 27 Hari,8/16/2023,4.1,54,TIDAK
1977,SYARIF HIDAYATULLAH ,0,3/8/2021,2 Tahun - 5 Bulan - 8 Hari,8/16/2023,10.5,87,TIDAK
1978,SYERIL CANTIKA ,1,9/10/2020,2 Tahun - 11 Bulan - 4 Hari,8/16/2023,14.8,95,TIDAK
1979,SYFANA HUMAIRA ,1,8/20/2019,4 Tahun - 0 Bulan - 0 Hari,8/20/2023,16.7,107,TIDAK
1980,SYIFA ,0,1/21/2020,3 Tahun - 6 Bulan - 24 Hari,8/16/2023,15.5,105,TIDAK
1981,TALIA ,1,4/6/2020,3 Tahun - 4 Bulan - 9 Hari,8/16/2023,15.6,101,TIDAK
1982,TALITA ELYA AZ ,1,8/7/2018,5 Tahun - 0 Bulan - 8 Hari,8/16/2023,16,111,TIDAK
1983,talita ,1,7/21/2021,2 Tahun - 0 Bulan - 25 Hari,8/16/2023,12.7,87,TIDAK
1984,talita ,1,8/9/2021,2 Tahun - 0 Bulan - 6 Hari,8/16/2023,11.8,90,TIDAK
1985,TALITA ,1,1/27/2019,4 Tahun - 6 Bulan - 18 Hari,8/16/2023,16.2,112,TIDAK
1986,TANIA KEISYA ,1,4/15/2019,4 Tahun - 3 Bulan - 19 Hari,8/4/2023,16.7,108,TIDAK
1987,tania ,1,7/21/2021,2 Tahun - 0 Bulan - 25 Hari,8/16/2023,11.8,86,TIDAK
1988,TANISHA AZZAHRA K ,1,4/25/2022,1 Tahun - 3 Bulan - 21 Hari,8/16/2023,9.8,77,TIDAK
1989,TARSIUS J. SANIT ,0,8/14/2020,1 Tahun - 5 Bulan - 25 Hari,2/8/2022,9,73.5,IYA
1990,TASKIYA ,1,3/3/2022,1 Tahun - 5 Bulan - 13 Hari,8/16/2023,11,77,TIDAK
1991,TASKIYATUM ,1,2/23/2020,3 Tahun - 5 Bulan - 13 Hari,8/7/2023,12.4,98,TIDAK
1992,TASYA ,1,10/2/2021,1 Tahun - 10 Bulan - 13 Hari,8/16/2023,10.9,82,TIDAK
1993,TAUFIK KURROHMAN ,0,5/5/2022,1 Tahun - 3 Bulan - 7 Hari,8/12/2023,9,76,TIDAK
1994,THEODORA NINO ,1,9/3/2018,3 Tahun - 5 Bulan - 14 Hari,2/16/2022,10.9,89,IYA
1995,THEODORUS LEANDRO MEOL ,0,2/26/2021,0 Tahun - 11 Bulan - 19 Hari,2/15/2022,7.6,70,IYA
1996,TIARA AIMATUL H ,1,2/22/2023,0 Tahun - 5 Bulan - 22 Hari,8/16/2023,6.3,63,TIDAK
1997,TIMOTIUS R. NOPO ,0,1/26/2018,4 Tahun - 0 Bulan - 19 Hari,2/14/2022,11.5,90.3,IYA
1998,TOMI ,0,5/19/2021,2 Tahun - 2 Bulan - 27 Hari,8/16/2023,9.4,90,TIDAK
1999,ULFA AQILATUS S ,1,2/3/2023,0 Tahun - 6 Bulan - 11 Hari,8/16/2023,6.3,63,TIDAK
2000,ULFA HASANAH ,1,11/18/2020,2 Tahun - 8 Bulan - 27 Hari,8/16/2023,13,98,TIDAK
2001,ULFATUL ,1,7/4/2019,4 Tahun - 1 Bulan - 18 Hari,8/22/2023,17.3,106,TIDAK
2002,ULFI AMAIRA ,1,2/20/2021,2 Tahun - 5 Bulan - 24 Hari,8/16/2023,12.6,90,TIDAK
2003,ULFI HASANAH ,1,11/18/2020,2 Tahun - 8 Bulan - 27 Hari,8/16/2023,13,100,TIDAK
2004,Umaiza ,1,3/21/2022,1 Tahun - 4 Bulan - 21 Hari,8/11/2023,9.7,74.7,TIDAK
2005,UMMU HABIBAH ,1,4/3/2020,3 Tahun - 4 Bulan - 12 Hari,8/16/2023,13.4,99,TIDAK
2006,UMMU SYARIFAH ,1,4/1/2019,4 Tahun - 4 Bulan - 13 Hari,8/14/2023,14.9,100.3,TIDAK
2007,uzair akhtar mirza ,0,6/27/2020,3 Tahun - 1 Bulan - 5 Hari,8/3/2023,13.7,95,TIDAK
2008,VALENSIA K. OEBNAMAN ,1,5/12/2018,3 Tahun - 8 Bulan - 27 Hari,2/7/2022,12.1,90.8,IYA
2009,VANESA ENJELIA TALOMI ,1,3/30/2020,1 Tahun - 10 Bulan - 11 Hari,2/9/2022,7.6,72.5,IYA
2010,vani maulidia ,1,10/24/2020,2 Tahun - 9 Bulan - 9 Hari,8/4/2023,13.8,94,TIDAK
2011,VANIA ,1,6/30/2019,4 Tahun - 1 Bulan - 16 Hari,8/16/2023,15,106,TIDAK
2012,VEBRIANTI KOSAT ,1,9/29/2017,4 Tahun - 4 Bulan - 11 Hari,2/9/2022,11.3,93.1,IYA
2013,VEBRIANUS A. KAET ,0,2/10/2018,4 Tahun - 0 Bulan - 4 Hari,2/14/2022,12.5,93.5,IYA
2014,VERA CLARISCA TAONE ,1,4/10/2017,4 Tahun - 9 Bulan - 29 Hari,2/7/2022,12.3,97.8,IYA
2015,VERA LATIFATUL R ,1,2/17/2022,1 Tahun - 5 Bulan - 27 Hari,8/16/2023,9.5,85,TIDAK
2016,VICKO ,0,6/11/2020,3 Tahun - 2 Bulan - 4 Hari,8/16/2023,17.7,94,TIDAK
2017,VIKTORINO TAUS ,0,6/27/2020,1 Tahun - 7 Bulan - 25 Hari,2/21/2022,9.8,77.2,IYA
2018,VINA ,1,7/28/2020,3 Tahun - 0 Bulan - 24 Hari,8/22/2023,14.3,95,TIDAK
2019,VINSENSIA MAU ,1,2/24/2018,3 Tahun - 11 Bulan - 24 Hari,2/18/2022,12,90.7,IYA
2020,VIOLA ,1,11/11/2022,0 Tahun - 9 Bulan - 4 Hari,8/16/2023,7.5,69,TIDAK
2021,VIONA A.A ,1,11/25/2019,3 Tahun - 8 Bulan - 20 Hari,8/16/2023,15,103,TIDAK
2022,VIRZA ,0,4/15/2019,4 Tahun - 4 Bulan - 1 Hari,8/16/2023,14.1,101,TIDAK
2023,VITA ,1,1/2/2020,3 Tahun - 7 Bulan - 13 Hari,8/16/2023,15.8,105,TIDAK
2024,WAFI MUZAKKI I ,0,12/5/2020,2 Tahun - 8 Bulan - 10 Hari,8/16/2023,14.6,95,TIDAK
2025,wafi ,0,1/12/2022,1 Tahun - 7 Bulan - 2 Hari,8/16/2023,11.6,90,TIDAK
2026,WAHYUNUS ,0,9/28/2019,3 Tahun - 10 Bulan - 15 Hari,8/14/2023,13.3,95,TIDAK
2027,WIDIA ,1,5/28/2019,4 Tahun - 2 Bulan - 19 Hari,8/16/2023,15.2,102,TIDAK
2028,WIHELMINA BONA ,1,11/28/2018,3 Tahun - 2 Bulan - 14 Hari,2/11/2022,9.6,85.3,IYA
2029,WILDAN ,0,9/3/2020,2 Tahun - 11 Bulan - 11 Hari,8/16/2023,11.8,91,TIDAK
2030,WILDAN ,0,9/13/2018,4 Tahun - 11 Bulan - 2 Hari,8/16/2023,16.7,105.6,TIDAK
2031,WILDAN ,0,11/27/2018,4 Tahun - 8 Bulan - 18 Hari,8/16/2023,15.5,114,TIDAK
2032,WILFRIDA N. NABEN ,1,12/18/2017,4 Tahun - 1 Bulan - 25 Hari,2/12/2022,12.9,94,IYA
2033,WINDA ,1,3/7/2022,1 Tahun - 5 Bulan - 9 Hari,8/16/2023,10.3,84,TIDAK
2034,wulan ,1,8/24/2020,2 Tahun - 11 Bulan - 21 Hari,8/16/2023,13.7,95,TIDAK
2035,YAHYA ,0,11/17/2018,4 Tahun - 9 Bulan - 2 Hari,8/20/2023,17.7,107,TIDAK
2036,YANDRI ,1,7/15/2020,3 Tahun - 0 Bulan - 19 Hari,8/4/2023,14,93,TIDAK
2037,YANGGA A. TAUS ,0,11/19/2018,3 Tahun - 2 Bulan - 27 Hari,2/15/2022,10.6,86,IYA
2038,YANUARIUS OMENU ,0,1/18/2020,2 Tahun - 1 Bulan - 0 Hari,2/17/2022,9.4,78.3,IYA
2039,YATIMATUZ RIZKIYAH ,1,3/10/2019,4 Tahun - 4 Bulan - 28 Hari,8/7/2023,12.8,99,TIDAK
2040,YAY ,1,6/9/2021,2 Tahun - 2 Bulan - 6 Hari,8/16/2023,12.4,91,TIDAK
2041,YESHA KIRANA ,1,7/5/2020,3 Tahun - 1 Bulan - 10 Hari,8/16/2023,9.5,93,TIDAK
2042,YOHANA NOVITA SIKI ,1,11/4/2018,3 Tahun - 3 Bulan - 14 Hari,2/18/2022,9.8,84,IYA
2043,YOHANES DEBRITO SAIJAO ,0,2/4/2021,1 Tahun - 0 Bulan - 5 Hari,2/10/2022,6.6,68.4,IYA
2044,YOHANES F. OELEU ,0,2/27/2020,1 Tahun - 11 Bulan - 19 Hari,2/16/2022,10.3,80,IYA
2045,YOHANES G. METBOKI ,0,6/26/2020,1 Tahun - 7 Bulan - 19 Hari,2/14/2022,8.8,77.2,IYA
2046,YOHANES K USKONO ,0,12/24/2017,4 Tahun - 1 Bulan - 28 Hari,2/21/2022,11.9,94,IYA
2047,YOHANES M NAISANIT ,0,8/18/2017,4 Tahun - 6 Bulan - 4 Hari,2/21/2022,12.4,94.1,IYA
2048,YOSEF A. TNOMAT ,0,5/2/2021,0 Tahun - 9 Bulan - 15 Hari,2/15/2022,6.1,66.8,IYA
2049,YOSEF J. PAINEON ,0,9/18/2017,4 Tahun - 4 Bulan - 24 Hari,2/11/2022,11.4,90.5,IYA
2050,Yosep Unsain ,0,2/18/2018,3 Tahun - 11 Bulan - 24 Hari,2/12/2022,11.9,89.3,IYA
2051,YOSEPH MARQUES NAIMNOU ,0,3/4/2019,2 Tahun - 11 Bulan - 7 Hari,2/9/2022,10.6,85.9,IYA
2052,YUNI SRI WULANDARI ,1,3/3/2020,3 Tahun - 5 Bulan - 13 Hari,8/16/2023,10.7,95,TIDAK
2053,YUNITA F. TFAINTEM ,1,6/19/2018,3 Tahun - 8 Bulan - 4 Hari,2/22/2022,11.6,91,IYA
2054,YUNITA TNOMAT ,1,6/16/2018,3 Tahun - 8 Bulan - 0 Hari,2/15/2022,10.3,87.2,IYA
2055,YUVEN NAIHALA ,0,12/9/2018,3 Tahun - 2 Bulan - 9 Hari,2/17/2022,12.5,89.1,IYA
2056,zafier ,0,7/20/2020,3 Tahun - 0 Bulan - 26 Hari,8/16/2023,13.2,100,TIDAK
2057,ZAFIRAH MASHA M ,1,3/3/2021,2 Tahun - 5 Bulan - 13 Hari,8/16/2023,11.2,88,TIDAK
2058,ZAFRAN ALKANA A ,0,11/3/2019,3 Tahun - 9 Bulan - 12 Hari,8/16/2023,14.9,103,TIDAK
2059,ZAHIRA ADELIA C ,1,11/2/2018,4 Tahun - 9 Bulan - 7 Hari,8/10/2023,13,99,TIDAK
2060,ZAHRA UMMU ALYA ,1,12/6/2020,2 Tahun - 8 Bulan - 9 Hari,8/16/2023,14.9,94,TIDAK
2061,ZAHRA ,1,3/1/2021,2 Tahun - 5 Bulan - 15 Hari,8/16/2023,12.3,89,TIDAK
2062,zahra ,1,11/5/2020,2 Tahun - 9 Bulan - 9 Hari,8/16/2023,12.7,94,TIDAK
2063,ZAHRA ,1,4/13/2020,3 Tahun - 4 Bulan - 8 Hari,8/22/2023,14.8,97,TIDAK
2064,ZAHRA ,1,2/1/2020,3 Tahun - 6 Bulan - 13 Hari,8/16/2023,15.6,104,TIDAK
2065,Zahra ,1,1/7/2020,3 Tahun - 7 Bulan - 8 Hari,8/16/2023,14.9,101,TIDAK
2066,ZAHRATUS SITA ,1,10/26/2021,1 Tahun - 9 Bulan - 7 Hari,8/4/2023,11,83,TIDAK
2067,ZAIDATUN NAFISAH ,1,4/22/2022,1 Tahun - 3 Bulan - 15 Hari,8/7/2023,11.2,78,TIDAK
2068,ZAINA FATIN A ,1,3/20/2020,3 Tahun - 4 Bulan - 14 Hari,8/4/2023,15,99,TIDAK
2069,ZAINAB FITRA  ,1,5/20/2019,4 Tahun - 2 Bulan - 27 Hari,8/16/2023,16.2,110,TIDAK
2070,ZAINAB NADIRI AS ,1,5/17/2019,4 Tahun - 2 Bulan - 30 Hari,8/16/2023,15.4,105,TIDAK
2071,ZAINAL ARIFIN ILHAM ,0,10/20/2022,0 Tahun - 9 Bulan - 26 Hari,8/16/2023,8.5,70,TIDAK
2072,ZAINUL ABIDIN ,0,1/13/2019,4 Tahun - 7 Bulan - 1 Hari,8/16/2023,14,100,TIDAK
2073,zainul yaqin ,0,12/2/2020,2 Tahun - 8 Bulan - 0 Hari,8/3/2023,14,92,TIDAK
2074,ZAITUL ROHMAN M ,0,11/11/2018,4 Tahun - 9 Bulan - 4 Hari,8/16/2023,16.1,112,TIDAK
2075,ZAKARIA ,0,1/20/2021,2 Tahun - 6 Bulan - 24 Hari,8/16/2023,14.9,94,TIDAK
2076,ZAKI JATMIKO ARGANI ,0,7/12/2023,0 Tahun - 0 Bulan - 23 Hari,8/4/2023,4,54,TIDAK
2077,ZAKI ,0,1/31/2021,2 Tahun - 6 Bulan - 13 Hari,8/16/2023,13.1,91,TIDAK
2078,ZAKIYA SAFIRA AL ,1,10/20/2021,1 Tahun - 9 Bulan - 25 Hari,8/16/2023,12.4,84,TIDAK
2079,ZAKIYA WARDAH IL ,1,7/13/2023,0 Tahun - 1 Bulan - 3 Hari,8/16/2023,4.5,54,TIDAK
2080,ZAKIYAH ,1,12/27/2018,4 Tahun - 7 Bulan - 18 Hari,8/16/2023,15.6,111,TIDAK
2081,ZAKIYYAH K.N ,1,10/17/2019,3 Tahun - 9 Bulan - 24 Hari,8/11/2023,11.2,93,TIDAK
2082,ZALFA NAQIYAH PUTRI ,1,12/10/2019,3 Tahun - 8 Bulan - 3 Hari,8/14/2023,18,102,TIDAK
2083,ZARA IMELDA AGUSTIN ,1,8/31/2020,2 Tahun - 11 Bulan - 2 Hari,8/4/2023,14.4,97,TIDAK
2084,ZAYN ZADAVIR ARKANA MALIK AHMAD ,0,6/15/2021,2 Tahun - 2 Bulan - 0 Hari,8/16/2023,12,87,TIDAK
2085,ZERINA HILYA NADHIF ,1,8/18/2021,1 Tahun - 11 Bulan - 27 Hari,8/16/2023,11.3,85,TIDAK
2086,ZHAFIRA AULIA P ,1,5/3/2022,1 Tahun - 3 Bulan - 13 Hari,8/16/2023,10.1,77,TIDAK
2087,zian ahmad husen ,0,9/4/2019,3 Tahun - 10 Bulan - 28 Hari,8/3/2023,16,107,TIDAK
2088,ZIAN AHZA M ,0,5/22/2021,2 Tahun - 2 Bulan - 24 Hari,8/16/2023,13.6,94,TIDAK
2089,ZIDAN MAULANA ,0,11/21/2018,4 Tahun - 8 Bulan - 24 Hari,8/16/2023,17.2,109,TIDAK
2090,ZIDAN ,0,10/27/2022,0 Tahun - 9 Bulan - 19 Hari,8/16/2023,9.4,70,TIDAK
2091,ZIFARA AURELINA ,1,3/31/2023,0 Tahun - 4 Bulan - 16 Hari,8/16/2023,6.7,60,TIDAK
2092,ZIO  ,0,3/25/2022,1 Tahun - 4 Bulan - 28 Hari,8/22/2023,11,83,TIDAK
2093,ZITA CARISSA ,1,3/24/2019,4 Tahun - 4 Bulan - 23 Hari,8/16/2023,15.2,109,TIDAK
2094,ZIYAN ,0,5/20/2022,1 Tahun - 2 Bulan - 26 Hari,8/16/2023,10.1,76,TIDAK
2095,ZOYA ANANDINI ,1,6/18/2021,2 Tahun - 1 Bulan - 28 Hari,8/16/2023,12.2,83,TIDAK
2096,ZOYA LATIFAH ,1,7/6/2022,1 Tahun - 1 Bulan - 10 Hari,8/16/2023,9.6,76,TIDAK
2097,ZULFAN AZHAR ,0,1/19/2019,4 Tahun - 6 Bulan - 22 Hari,8/12/2023,15,104,TIDAK
2098,zulfi andin ,1,9/8/2021,1 Tahun - 11 Bulan - 6 Hari,8/16/2023,11.1,85,TIDAK
